problem_id,rating,tags
96120,800,['implementation']
96060,1300,"['bitmasks', 'greedy', 'math', 'number theory']"
96018,1400,"['bitmasks', 'dfs and similar']"
95648,1300,"['combinatorics', 'math']"
95642,1100,"['bitmasks', 'math']"
95640,800,['math']
95586,1100,"['math', 'number theory']"
95584,1000,"['binary search', 'greedy', 'greedy']"
95582,900,"['dfs and similar', 'dp', 'greedy', 'math', 'math']"
95580,800,['math']
94984,1700,"['data structures', 'dp']"
94980,800,"['math', 'number theory']"
94932,2600,"['data structures', 'number theory']"
94930,1800,"['bitmasks', 'dp']"
94928,2000,"['binary search', 'data structures', 'dp', 'greedy', 'math']"
94922,900,"['combinatorics', 'math']"
94920,800,['math']
94860,800,"['combinatorics', 'math', 'number theory']"
94752,2200,['dp']
94749,1700,"['data structures', 'greedy']"
94744,1500,"['greedy', 'implementation']"
94702,2400,"['binary search', 'dsu', 'greedy']"
94688,1200,"['implementation', 'math']"
94520,2200,"['implementation', 'math']"
94516,2300,"['data structures', 'trees']"
94512,2200,"['math', 'number theory']"
94508,2600,"['data structures', 'trees']"
94442,1100,"['combinatorics', 'greedy', 'math']"
94380,800,['greedy']
94144,1500,"['combinatorics', 'math']"
94140,800,['implementation']
94028,2200,"['data structures', 'divide and conquer', 'math']"
94024,1600,"['bitmasks', 'combinatorics', 'dp', 'math']"
94022,1000,"['bitmasks', 'greedy']"
93960,800,"['binary search', 'greedy', 'math']"
93727,2200,"['data structures', 'math']"
93726,1700,"['data structures', 'dp', 'math']"
93720,800,"['greedy', 'math']"
93604,800,"['implementation', 'math']"
93602,800,['math']
93600,800,['implementation']
93548,2200,"['combinatorics', 'dp', 'fft', 'math', 'number theory']"
93542,900,"['dp', 'greedy']"
93486,2600,"['combinatorics', 'data structures']"
93426,2200,"['data structures', 'dp', 'greedy']"
93368,2200,"['data structures', 'dp', 'greedy']"
93362,1300,['implementation']
93360,800,['math']
93248,2600,"['dfs and similar', 'dp', 'math', 'number theory']"
93244,1800,"['binary search', 'bitmasks', 'greedy', 'implementation']"
93240,800,['greedy']
93190,2300,"['data structures', 'math']"
93180,800,"['math', 'number theory']"
93060,800,"['greedy', 'math']"
93002,1000,"['greedy', 'math']"
93000,800,"['greedy', 'math']"
92940,800,"['math', 'number theory']"
92884,2500,"['combinatorics', 'dp', 'fft', 'math']"
92832,2100,"['dfs and similar', 'dp', 'graphs', 'trees']"
92820,800,"['implementation', 'math']"
92702,1900,"['combinatorics', 'math']"
92582,900,"['combinatorics', 'greedy', 'math']"
92580,900,"['greedy', 'math', 'number theory']"
92528,2400,"['combinatorics', 'dp', 'fft', 'math']"
92524,1600,"['math', 'number theory']"
92520,800,['math']
92290,1500,"['binary search', 'dp', 'math', 'number theory']"
92282,800,"['greedy', 'math']"
92220,800,"['greedy', 'math']"
92166,2000,"['data structures', 'greedy', 'implementation']"
92106,1800,"['data structures', 'dfs and similar', 'dp', 'implementation', 'trees']"
92050,2500,"['dfs and similar', 'graphs', 'greedy']"
92044,1300,"['combinatorics', 'dp', 'dsu', 'graphs', 'math']"
92042,1100,"['greedy', 'implementation', 'math']"
91800,800,"['greedy', 'math']"
91684,2300,"['data structures', 'dfs and similar', 'greedy', 'trees']"
91682,1700,"['combinatorics', 'dp', 'math']"
91680,1600,"['dfs and similar', 'divide and conquer', 'dp', 'greedy', 'trees']"
91628,2500,"['binary search', 'data structures', 'divide and conquer', 'dp']"
91626,2400,"['combinatorics', 'dfs and similar', 'implementation', 'math', 'trees']"
91620,800,['bitmasks']
91565,1600,"['data structures', 'greedy']"
91562,1400,"['dp', 'math', 'number theory']"
91500,800,"['math', 'number theory']"
91380,800,['implementation']
91208,1400,"['greedy', 'math']"
91142,800,"['dp', 'math']"
91140,800,['math']
91020,800,"['greedy', 'math']"
90968,2500,"['combinatorics', 'dp', 'math']"
90960,800,['greedy']
90908,2200,"['combinatorics', 'dp', 'math']"
90844,1600,"['greedy', 'number theory']"
90842,1200,"['bitmasks', 'combinatorics', 'math']"
90840,800,"['math', 'number theory']"
90722,800,['implementation']
90668,2100,"['combinatorics', 'dp', 'greedy', 'math']"
90660,800,['greedy']
90612,2100,[]
90606,2100,"['dp', 'math', 'number theory']"
90544,1800,"['dp', 'greedy']"
90542,1100,['greedy']
90362,1100,"['greedy', 'implementation']"
90360,800,['math']
90060,800,['implementation']
89950,2400,"['combinatorics', 'dfs and similar', 'dp', 'trees']"
89946,2100,"['dp', 'math', 'number theory']"
89886,2200,"['dfs and similar', 'dp', 'graphs', 'implementation']"
89882,1300,"['binary search', 'bitmasks', 'data structures', 'greedy']"
89826,2500,"['bitmasks', 'dp', 'graphs', 'number theory']"
89762,1100,['math']
89522,1100,"['data structures', 'greedy', 'math']"
89520,800,['math']
89412,1900,"['binary search', 'data structures', 'math']"
89408,1400,"['binary search', 'data structures', 'greedy']"
89406,1200,"['dfs and similar', 'divide and conquer', 'implementation']"
89400,800,"['greedy', 'math']"
89222,1200,"['math', 'number theory']"
89170,2600,"['combinatorics', 'data structures', 'dfs and similar', 'dp', 'trees']"
89166,2100,"['binary search', 'data structures', 'dp']"
89160,900,"['greedy', 'implementation']"
89108,2500,"['dfs and similar', 'dp', 'greedy', 'trees']"
89102,1200,"['dp', 'implementation', 'math']"
88928,2100,"['data structures', 'divide and conquer', 'dp']"
88922,1500,"['implementation', 'math']"
88920,800,['math']
88868,2500,"['data structures', 'dp', 'greedy']"
88622,1900,"['data structures', 'greedy']"
88566,1700,"['dfs and similar', 'dp', 'dsu', 'implementation']"
88564,1600,"['dp', 'graphs', 'greedy']"
88504,1400,"['combinatorics', 'graphs', 'math']"
88500,900,"['math', 'number theory']"
88446,2200,"['data structures', 'dp', 'greedy', 'math']"
88440,800,['greedy']
88324,1100,"['dp', 'graphs']"
88322,800,"['dp', 'greedy', 'math']"
88320,800,"['greedy', 'math']"
88260,900,"['greedy', 'math', 'number theory']"
88150,2600,"['binary search', 'data structures', 'greedy']"
88142,1000,"['dp', 'greedy']"
88106,900,"['greedy', 'implementation']"
88104,2300,"['data structures', 'graphs', 'implementation']"
88098,1800,"['dsu', 'graphs', 'greedy']"
88088,800,['greedy']
88084,1400,"['data structures', 'implementation']"
88080,2200,"['data structures', 'dp', 'greedy']"
88028,2500,"['data structures', 'dfs and similar', 'dp', 'trees']"
88026,2200,"['combinatorics', 'dp', 'math']"
87962,800,"['dp', 'greedy']"
87784,1800,['implementation']
87780,1100,"['binary search', 'math']"
87730,1800,"['binary search', 'data structures', 'greedy']"
87726,1400,"['greedy', 'math', 'number theory']"
87542,1300,"['dp', 'math']"
87482,2000,['dp']
87480,1600,"['math', 'number theory']"
87300,800,"['math', 'number theory']"
87248,2000,"['combinatorics', 'dfs and similar', 'graphs', 'trees']"
87244,1200,"['greedy', 'implementation']"
87242,800,['implementation']
87188,2300,"['binary search', 'dfs and similar', 'dp', 'greedy', 'trees']"
87184,1700,"['greedy', 'implementation']"
87180,800,['implementation']
87126,1600,"['combinatorics', 'dp', 'math']"
87124,800,['greedy']
87120,800,['math']
87060,800,"['greedy', 'math']"
86822,1000,"['greedy', 'math']"
86766,2600,"['data structures', 'greedy']"
86764,2100,"['binary search', 'bitmasks', 'data structures', 'divide and conquer', 'dp', 'trees']"
86702,900,"['greedy', 'math']"
86644,2500,"['data structures', 'dfs and similar', 'dsu', 'graphs']"
86522,1800,"['combinatorics', 'data structures', 'dsu', 'greedy', 'implementation']"
86402,900,"['greedy', 'math']"
86400,800,"['implementation', 'math']"
86344,2600,"['binary search', 'data structures', 'divide and conquer', 'greedy', 'implementation']"
86166,1900,"['binary search', 'dfs and similar', 'graphs', 'greedy', 'trees']"
86164,1500,"['binary search', 'combinatorics']"
86160,800,['math']
85990,2100,['dp']
85988,1300,"['combinatorics', 'math']"
85982,800,"['greedy', 'implementation']"
85980,800,"['implementation', 'math']"
85810,2600,"['dp', 'greedy']"
85682,1200,"['graphs', 'implementation']"
85680,800,['math']
85624,2000,['dp']
85562,900,['implementation']
85560,800,"['implementation', 'math']"
85508,2200,"['greedy', 'implementation']"
85506,2300,"['combinatorics', 'dp', 'math']"
85502,2600,"['divide and conquer', 'dp']"
85394,2500,"['data structures', 'divide and conquer', 'dsu', 'graphs']"
85324,1700,"['combinatorics', 'dp', 'math']"
85322,1300,"['greedy', 'implementation', 'math']"
85260,800,"['bitmasks', 'greedy', 'math']"
85208,2500,"['dp', 'greedy']"
85205,2100,"['data structures', 'divide and conquer', 'dp', 'greedy', 'implementation']"
85202,1200,"['bitmasks', 'math']"
85144,1500,"['greedy', 'implementation', 'math']"
85086,2100,"['data structures', 'implementation']"
85080,1000,['math']
85020,800,"['greedy', 'math']"
84966,2600,"['data structures', 'dsu', 'graphs', 'implementation', 'trees']"
84786,1700,"['data structures', 'greedy', 'implementation']"
84782,1100,['implementation']
84664,1700,"['dfs and similar', 'dsu', 'graphs']"
84660,800,['implementation']
84546,1500,"['greedy', 'math']"
84540,800,"['greedy', 'math']"
84426,2200,"['data structures', 'dp', 'graphs']"
84360,900,"['greedy', 'implementation', 'math']"
84070,2400,"['binary search', 'bitmasks', 'data structures']"
84008,2200,"['data structures', 'divide and conquer', 'dp', 'greedy']"
83948,2000,"['data structures', 'dfs and similar', 'greedy', 'trees']"
83942,800,['greedy']
83892,2600,"['bitmasks', 'fft', 'math', 'number theory']"
83884,1600,"['data structures', 'dp', 'math']"
83764,2300,"['dp', 'greedy', 'implementation']"
83580,800,"['greedy', 'math']"
83526,1700,"['dp', 'greedy']"
83524,1200,"['greedy', 'implementation']"
83522,800,"['implementation', 'math']"
83520,800,"['greedy', 'math']"
83464,1500,"['combinatorics', 'dp', 'graphs', 'math']"
83348,2200,"['math', 'number theory']"
83286,2000,"['data structures', 'dfs and similar', 'graphs', 'greedy', 'implementation', 'trees']"
83284,1800,"['dfs and similar', 'greedy', 'math', 'trees']"
83282,1000,"['greedy', 'math']"
83112,2300,"['2-sat', 'dfs and similar', 'dsu', 'graphs', 'implementation']"
83110,2300,"['data structures', 'greedy', 'implementation', 'trees']"
83104,1200,['greedy']
83102,800,['greedy']
83100,800,['math']
82862,1800,['dp']
82808,2300,"['data structures', 'dsu', 'implementation', 'trees']"
82802,1400,['greedy']
82442,900,['math']
82440,800,['math']
82392,2600,"['data structures', 'divide and conquer', 'greedy']"
82386,1600,"['divide and conquer', 'dp', 'greedy', 'implementation']"
82384,1300,['math']
82380,1000,"['greedy', 'implementation', 'math']"
82322,1300,"['greedy', 'math', 'number theory']"
82264,1300,"['greedy', 'implementation', 'math']"
82262,1200,['math']
82260,800,['math']
82206,2000,"['binary search', 'dp', 'dsu', 'greedy', 'implementation']"
82200,800,"['greedy', 'implementation', 'math', 'number theory']"
82146,1900,"['dp', 'graphs', 'greedy', 'math', 'trees']"
82086,1700,"['bitmasks', 'greedy', 'math']"
82022,800,"['greedy', 'math']"
81964,1500,"['greedy', 'math']"
81960,1100,"['binary search', 'greedy', 'math']"
81788,2000,"['dfs and similar', 'dp', 'greedy', 'trees']"
81724,1400,"['bitmasks', 'greedy', 'math']"
81720,1000,['implementation']
81606,1300,"['math', 'number theory']"
81600,800,"['greedy', 'math']"
81548,2000,"['combinatorics', 'math', 'number theory']"
81544,1700,"['binary search', 'math']"
81484,1600,['math']
81480,800,"['greedy', 'math']"
81248,2100,"['dfs and similar', 'dp', 'graphs']"
81246,1900,"['binary search', 'data structures']"
81240,900,['math']
81184,1000,['math']
81126,1300,['implementation']
81124,1200,"['binary search', 'math']"
81120,800,"['implementation', 'math']"
81064,1400,"['data structures', 'implementation']"
81060,800,['implementation']
81002,1400,"['dp', 'math', 'number theory']"
81000,900,['math']
80940,1600,"['data structures', 'math', 'number theory']"
80890,2600,"['data structures', 'dfs and similar', 'graphs', 'greedy']"
80880,800,"['greedy', 'math']"
80700,800,['math']
80644,2600,"['dfs and similar', 'dp', 'graphs', 'math']"
80528,2300,"['combinatorics', 'fft', 'math']"
80524,1600,"['math', 'number theory']"
80520,1000,"['greedy', 'math']"
80462,1300,"['greedy', 'implementation']"
80460,900,['math']
80402,1700,"['bitmasks', 'dp', 'graphs', 'greedy']"
80280,1500,"['greedy', 'math']"
80222,900,"['greedy', 'implementation', 'math']"
80100,800,['math']
80050,2500,"['binary search', 'data structures', 'dp', 'greedy']"
80048,2200,"['combinatorics', 'graphs', 'greedy', 'math', 'number theory']"
80040,1200,"['implementation', 'math']"
79982,1100,"['greedy', 'implementation']"
79930,2500,"['dfs and similar', 'dp', 'trees']"
79920,1100,"['greedy', 'implementation', 'math']"
79802,1400,"['implementation', 'math']"
79800,900,['implementation']
79742,1700,"['bitmasks', 'combinatorics', 'math']"
79690,2200,['greedy']
79688,1900,"['dfs and similar', 'graphs', 'trees']"
79684,1200,"['greedy', 'implementation']"
79680,800,['math']
79628,1800,"['combinatorics', 'dp', 'math']"
79620,1100,['math']
79564,1300,"['combinatorics', 'greedy', 'math']"
79562,900,"['implementation', 'math']"
79502,800,"['greedy', 'implementation']"
79450,1800,"['dfs and similar', 'dp', 'graphs', 'trees']"
79448,1700,"['dp', 'implementation']"
79444,1100,"['binary search', 'data structures', 'dfs and similar', 'greedy', 'implementation']"
79440,900,"['implementation', 'number theory']"
79382,1500,"['binary search', 'greedy', 'implementation']"
79320,1300,['greedy']
79260,900,['greedy']
78960,800,['implementation']
78904,1200,['greedy']
78900,800,['implementation']
78786,2500,"['bitmasks', 'dp', 'implementation']"
78785,1900,"['data structures', 'dp', 'greedy']"
78732,2600,"['data structures', 'dfs and similar', 'dp']"
78728,2100,"['dp', 'greedy']"
78726,1700,"['combinatorics', 'math']"
78660,800,"['greedy', 'implementation', 'math']"
78602,2500,"['dp', 'implementation']"
78428,2500,"['binary search', 'combinatorics', 'dp', 'greedy', 'implementation', 'math']"
78420,800,"['greedy', 'implementation']"
78251,2400,"['data structures', 'dp', 'greedy']"
78250,2300,"['data structures', 'dp']"
78240,800,['math']
78186,1900,"['bitmasks', 'greedy']"
78184,1600,"['dfs and similar', 'greedy', 'implementation']"
78182,1400,['math']
78068,2500,"['binary search', 'data structures', 'dp', 'implementation']"
78000,800,"['implementation', 'math']"
77769,2000,"['data structures', 'dp']"
77764,1500,"['data structures', 'implementation']"
77762,900,['math']
77760,800,['math']
77708,2200,"['data structures', 'divide and conquer']"
77706,1800,"['math', 'number theory']"
77700,900,['greedy']
77650,2000,"['dfs and similar', 'dp', 'greedy', 'trees']"
77648,1900,"['greedy', 'implementation', 'math']"
77646,1600,"['data structures', 'greedy', 'implementation', 'math']"
77644,1300,"['greedy', 'math', 'number theory']"
77640,800,['math']
77582,1000,"['combinatorics', 'greedy', 'math']"
77524,2300,"['combinatorics', 'dfs and similar', 'dp', 'greedy', 'trees']"
77520,1400,"['data structures', 'dsu', 'implementation']"
77462,1300,"['greedy', 'implementation']"
77404,2400,"['dfs and similar', 'dsu', 'graphs']"
77288,2000,['data structures']
77286,2000,"['binary search', 'bitmasks', 'dp']"
77284,1600,"['combinatorics', 'dp']"
77282,1100,['math']
77220,800,"['greedy', 'implementation']"
77102,1300,"['dp', 'greedy', 'implementation']"
77100,800,['math']
77044,1600,"['combinatorics', 'math']"
76988,1800,"['dp', 'greedy']"
76982,900,['math']
76980,800,['math']
76920,900,"['implementation', 'math']"
76862,1600,['greedy']
76860,800,['implementation']
76806,2500,"['dp', 'greedy', 'trees']"
76804,2000,"['dfs and similar', 'graphs', 'greedy', 'trees']"
76802,1800,"['implementation', 'math']"
76800,1700,"['implementation', 'math']"
76744,1400,"['data structures', 'implementation']"
76740,900,['math']
76686,2100,"['data structures', 'dsu', 'graphs', 'trees']"
76684,1700,"['data structures', 'dp', 'greedy', 'implementation']"
76682,1500,"['greedy', 'math']"
76622,1200,"['greedy', 'number theory']"
76620,1000,['implementation']
76562,1900,"['combinatorics', 'dfs and similar', 'dsu', 'graphs']"
76560,1400,"['dp', 'greedy']"
76324,1200,"['combinatorics', 'dp', 'implementation']"
76268,2100,"['binary search', 'combinatorics', 'dp', 'math']"
76262,1300,"['greedy', 'math']"
76084,2300,"['binary search', 'data structures']"
76082,2000,"['dp', 'greedy', 'math']"
76040,2100,"['combinatorics', 'math']"
76038,1800,"['greedy', 'implementation', 'math']"
76030,2600,['graphs']
76028,1700,['greedy']
76022,900,[]
76020,2400,[]
75968,2100,"['data structures', 'greedy', 'implementation']"
75840,1500,"['greedy', 'implementation']"
75788,2100,"['data structures', 'implementation']"
75786,1500,"['dfs and similar', 'dsu', 'graphs']"
75782,1400,"['greedy', 'implementation']"
75780,1100,['math']
75604,1700,"['greedy', 'math', 'number theory']"
75602,1300,"['binary search', 'math']"
75600,1000,['math']
75432,2600,"['divide and conquer', 'fft', 'greedy', 'math', 'number theory']"
75428,2000,"['data structures', 'dp', 'greedy']"
75422,1000,['math']
75420,800,"['greedy', 'math']"
75366,1500,['greedy']
75364,1700,['greedy']
75362,1400,['greedy']
75360,1000,['math']
75302,1100,"['graphs', 'implementation']"
75300,800,['math']
75182,1400,"['greedy', 'implementation']"
75180,1000,['implementation']
75134,1800,"['greedy', 'implementation']"
75132,2100,['data structures']
75124,1600,"['data structures', 'implementation']"
75122,2300,"['dp', 'trees']"
75120,1000,[]
75070,2500,"['combinatorics', 'fft']"
75069,2400,"['binary search', 'data structures', 'greedy']"
75068,2300,"['data structures', 'dp', 'greedy']"
75026,2000,"['dfs and similar', 'graphs', 'greedy']"
75022,1500,"['binary search', 'greedy', 'math']"
75018,1800,"['binary search', 'greedy']"
75014,1500,['math']
75008,2300,"['graphs', 'implementation']"
75004,2100,['data structures']
75000,1400,['implementation']
74950,2200,"['dp', 'trees']"
74946,1800,['greedy']
74943,1300,"['dfs and similar', 'dsu', 'math']"
74942,1000,"['dsu', 'math']"
74940,800,['math']
74704,1400,['dp']
74700,1000,"['math', 'number theory']"
74640,800,['math']
74580,800,['implementation']
74524,2400,"['bitmasks', 'dfs and similar', 'dp', 'graphs']"
74344,2300,"['data structures', 'greedy', 'implementation']"
74342,2500,['implementation']
74340,1700,"['combinatorics', 'dp', 'math']"
74290,2200,"['dfs and similar', 'dp', 'graphs', 'trees']"
74288,2200,"['bitmasks', 'dp']"
74284,1600,"['dp', 'greedy', 'math']"
74280,900,"['math', 'number theory']"
74230,2600,"['combinatorics', 'dp']"
74228,2400,"['dp', 'math']"
74226,2000,"['binary search', 'data structures', 'implementation']"
74220,1000,"['implementation', 'math']"
74168,2500,"['binary search', 'data structures', 'dp', 'dsu']"
74162,1500,"['combinatorics', 'math']"
74050,2200,"['bitmasks', 'dp']"
74048,2000,['math']
74046,1600,['data structures']
74044,1500,"['dp', 'implementation']"
74043,1300,"['data structures', 'implementation']"
74042,1000,['implementation']
74040,800,['math']
73864,1100,['greedy']
73802,1000,"['greedy', 'implementation']"
73688,2300,"['combinatorics', 'dp', 'math']"
73684,1700,"['math', 'number theory']"
73682,1400,"['implementation', 'math']"
73631,2400,"['combinatorics', 'math']"
73630,2200,['dp']
73627,1800,"['data structures', 'greedy']"
73626,1600,"['data structures', 'greedy']"
73620,1100,['math']
73508,2200,"['binary search', 'dp']"
73502,1000,['implementation']
73500,900,['math']
73384,1600,"['binary search', 'greedy']"
73380,800,['math']
73266,1800,['dp']
73264,1200,"['binary search', 'math']"
73208,2200,"['dfs and similar', 'dp', 'dsu', 'graphs', 'greedy', 'trees']"
73206,1900,"['bitmasks', 'math', 'number theory']"
73202,1300,"['math', 'number theory']"
73152,2000,['implementation']
73096,2100,"['2-sat', 'dfs and similar', 'greedy']"
73090,1500,"['data structures', 'greedy']"
73088,2500,"['divide and conquer', 'fft']"
73086,2400,"['divide and conquer', 'fft', 'graphs']"
73084,2600,['dp']
73030,2600,"['data structures', 'divide and conquer', 'dsu', 'graphs', 'trees']"
73028,2300,"['data structures', 'greedy', 'implementation', 'math']"
73022,1600,"['greedy', 'math']"
73020,1300,"['binary search', 'math']"
72970,2100,"['data structures', 'dp', 'greedy']"
72969,2200,"['binary search', 'math']"
72966,1300,['math']
72908,2200,"['bitmasks', 'dp']"
72902,1400,"['combinatorics', 'dp', 'implementation']"
72900,1000,"['greedy', 'implementation', 'math']"
72844,1200,"['data structures', 'greedy']"
72784,1200,['math']
72782,1100,"['data structures', 'implementation']"
72780,900,['math']
72606,2400,['graphs']
72604,2000,"['math', 'number theory', 'trees']"
72546,1700,"['dfs and similar', 'dsu', 'graphs']"
72542,1300,"['implementation', 'math', 'number theory']"
72540,800,"['greedy', 'implementation', 'math']"
72490,2600,"['bitmasks', 'dfs and similar', 'dp', 'greedy']"
72488,2200,"['data structures', 'implementation']"
72486,1900,"['binary search', 'data structures', 'greedy', 'implementation']"
72480,900,['math']
72426,1800,['combinatorics']
72424,1500,"['dp', 'greedy']"
72362,900,"['dp', 'implementation']"
72248,2300,"['combinatorics', 'dp', 'math', 'number theory']"
72242,900,"['greedy', 'math']"
72240,1000,['math']
72191,2300,"['dp', 'greedy']"
72190,2100,['greedy']
72186,1600,"['greedy', 'implementation']"
72184,1300,"['implementation', 'math']"
72182,1200,"['greedy', 'math']"
72180,1000,['implementation']
72120,1100,"['bitmasks', 'greedy']"
72066,2100,"['binary search', 'dp', 'greedy', 'implementation']"
72062,1500,"['greedy', 'math']"
72004,1400,"['math', 'number theory']"
72002,1200,"['dp', 'greedy']"
71940,1000,['implementation']
71886,2300,['dp']
71826,1900,"['dp', 'greedy', 'math']"
71822,1000,"['greedy', 'implementation']"
71766,1500,['implementation']
71764,1500,['implementation']
71707,1800,"['combinatorics', 'math', 'number theory']"
71706,1500,"['combinatorics', 'math', 'number theory']"
71704,1400,['dp']
71700,1000,"['greedy', 'math']"
71642,1300,['implementation']
71640,800,['math']
71344,1400,"['data structures', 'dp', 'implementation', 'math']"
71284,2500,['dp']
71280,1600,['trees']
71228,2100,"['dfs and similar', 'dp', 'trees']"
71220,900,['math']
71170,2400,"['dfs and similar', 'graphs', 'greedy', 'implementation']"
71168,2500,"['divide and conquer', 'implementation', 'math']"
71164,1800,"['implementation', 'math']"
71160,800,['implementation']
71113,2600,"['combinatorics', 'dp']"
71112,2100,"['bitmasks', 'combinatorics', 'dp']"
71106,1700,"['implementation', 'math']"
71100,800,['math']
71048,2400,"['data structures', 'dsu', 'graphs', 'trees']"
71048,1900,"['graphs', 'trees']"
71046,1600,['implementation']
71045,2200,['data structures']
71044,1600,['implementation']
70984,1400,"['binary search', 'math']"
70982,900,['math']
70980,800,['implementation']
70920,1000,"['dp', 'math']"
70860,1000,"['greedy', 'math']"
70802,1500,"['greedy', 'implementation']"
70800,800,"['dp', 'implementation', 'math']"
70740,1500,"['data structures', 'implementation']"
70691,2600,['dp']
70690,2200,"['combinatorics', 'dfs and similar', 'dp']"
70684,1300,"['combinatorics', 'greedy', 'math']"
70680,800,['greedy']
70622,1800,"['binary search', 'divide and conquer', 'implementation']"
70620,1000,['implementation']
70564,1300,"['dp', 'greedy', 'implementation']"
70562,1100,['math']
70508,2200,"['data structures', 'dfs and similar', 'divide and conquer', 'dp', 'greedy', 'implementation', 'trees']"
70500,900,"['implementation', 'math']"
70448,2500,"['combinatorics', 'dp', 'math', 'number theory']"
70380,800,['greedy']
70322,1900,"['combinatorics', 'dfs and similar', 'dp', 'trees']"
70320,1800,"['greedy', 'implementation']"
70142,1500,"['graphs', 'implementation']"
70140,900,"['implementation', 'math']"
70084,2200,"['bitmasks', 'dp']"
70080,1700,"['binary search', 'greedy']"
70024,1400,"['dfs and similar', 'dsu', 'graphs']"
69960,900,"['combinatorics', 'greedy']"
69911,2000,"['binary search', 'greedy', 'implementation']"
69910,2000,"['binary search', 'greedy']"
69906,1600,"['math', 'number theory']"
69904,1300,['greedy']
69900,1100,"['implementation', 'math']"
69783,1600,"['data structures', 'implementation']"
69782,1500,"['data structures', 'implementation']"
69780,900,"['greedy', 'math']"
69720,800,['implementation']
69542,1300,"['implementation', 'math']"
69540,800,"['implementation', 'math']"
69428,1700,"['binary search', 'data structures', 'greedy']"
69425,1700,['greedy']
69424,1300,['greedy']
69422,1300,['greedy']
69420,1100,['implementation']
69366,2200,"['dfs and similar', 'divide and conquer', 'dp', 'dsu', 'trees']"
69304,1300,"['math', 'number theory']"
69246,1500,['greedy']
69244,1400,"['implementation', 'math']"
69242,1200,['math']
69240,800,['math']
69186,1900,"['binary search', 'dfs and similar', 'dp', 'greedy', 'trees']"
69126,2100,"['dp', 'greedy', 'trees']"
69120,800,"['greedy', 'implementation', 'math']"
69068,2100,"['combinatorics', 'data structures', 'dp', 'math']"
69002,900,"['greedy', 'implementation']"
69000,800,"['greedy', 'implementation']"
68880,800,['greedy']
68826,2400,"['dfs and similar', 'graphs']"
68820,1500,['graphs']
68770,2500,"['dp', 'trees']"
68768,2400,"['bitmasks', 'data structures', 'divide and conquer', 'implementation']"
68766,2100,"['dfs and similar', 'math', 'number theory']"
68652,2400,"['dp', 'greedy']"
68650,1700,"['dfs and similar', 'graphs']"
68584,1400,"['dfs and similar', 'trees']"
68580,800,['implementation']
68522,2000,"['data structures', 'dfs and similar', 'dp', 'math', 'trees']"
68471,1900,"['data structures', 'greedy']"
68470,1900,['greedy']
68468,1700,['math']
68466,1500,"['greedy', 'implementation']"
68464,1500,['math']
68462,900,['implementation']
68460,1000,"['implementation', 'math']"
68410,2600,"['data structures', 'divide and conquer', 'dsu']"
68408,2200,"['combinatorics', 'divide and conquer', 'dp']"
68406,1200,"['dp', 'greedy', 'math']"
68400,1000,['implementation']
68350,2500,"['data structures', 'divide and conquer']"
68344,1500,"['dfs and similar', 'dsu', 'graphs', 'math', 'trees']"
68342,1000,"['greedy', 'implementation']"
68280,900,"['binary search', 'greedy', 'implementation']"
68224,2500,"['dp', 'graphs', 'implementation']"
68168,2200,"['binary search', 'data structures']"
68166,1800,['greedy']
68160,800,['implementation']
67990,1600,['graphs']
67982,1200,"['math', 'number theory']"
67980,1000,['implementation']
67932,2400,"['data structures', 'dp', 'trees']"
67930,2000,['dp']
67928,2300,"['dfs and similar', 'dp', 'greedy']"
67926,2300,"['binary search', 'greedy']"
67920,1100,"['greedy', 'implementation']"
67866,2000,"['dfs and similar', 'dp', 'dsu', 'graphs', 'greedy']"
67862,1400,"['greedy', 'implementation']"
67860,800,['math']
67802,1200,['greedy']
67800,800,['implementation']
67264,1600,['implementation']
67206,2500,"['dfs and similar', 'dp', 'dsu', 'graphs', 'greedy', 'trees']"
67140,1100,"['greedy', 'implementation']"
67090,1800,"['dfs and similar', 'trees']"
67087,1700,"['binary search', 'greedy']"
67082,1200,['implementation']
67080,800,['math']
67032,2500,['data structures']
67030,2500,"['bitmasks', 'dp']"
67024,1900,['binary search']
67020,1100,"['implementation', 'math']"
66850,2400,"['bitmasks', 'data structures', 'divide and conquer', 'math', 'number theory']"
66846,1900,['dp']
66782,1300,"['greedy', 'number theory']"
66780,900,"['dp', 'greedy', 'math']"
66668,2500,"['data structures', 'dfs and similar', 'dp', 'graphs', 'trees']"
66666,2600,"['combinatorics', 'dp', 'math']"
66610,2600,"['data structures', 'trees']"
66606,2200,['dp']
66600,900,['math']
66540,1600,"['dp', 'implementation']"
66490,2100,"['binary search', 'dsu', 'graphs', 'greedy']"
66489,2100,"['data structures', 'implementation']"
66480,800,['implementation']
66428,2400,['dp']
66426,1800,"['dp', 'implementation', 'math', 'number theory']"
66422,1000,"['math', 'number theory']"
66368,2100,"['data structures', 'dp']"
66362,1500,"['data structures', 'implementation']"
66360,800,['implementation']
66304,1500,"['combinatorics', 'dp', 'math']"
66242,1200,"['data structures', 'implementation', 'math']"
66120,800,['math']
66070,2400,"['binary search', 'dp']"
66068,1500,['implementation']
66066,2000,"['data structures', 'dfs and similar', 'dp', 'number theory', 'trees']"
66062,1300,"['greedy', 'implementation']"
66060,1000,['math']
66010,2500,"['data structures', 'divide and conquer', 'greedy', 'math']"
66008,2200,"['binary search', 'dfs and similar', 'graphs']"
66002,1300,"['data structures', 'implementation']"
66000,1000,['implementation']
65940,800,['implementation']
65830,2500,"['bitmasks', 'combinatorics', 'number theory']"
65824,1400,"['greedy', 'implementation']"
65772,2400,"['divide and conquer', 'dp', 'fft']"
65766,1800,['dp']
65760,800,"['greedy', 'implementation', 'math']"
65710,1900,"['dsu', 'graphs', 'greedy']"
65708,1900,['implementation']
65706,1600,['implementation']
65704,1400,"['bitmasks', 'greedy']"
65702,900,['implementation']
65700,800,['implementation']
65592,2300,"['bitmasks', 'data structures']"
65590,2400,['dp']
65588,2400,['data structures']
65586,1700,"['dfs and similar', 'graphs']"
65584,1300,['greedy']
65580,800,['math']
65530,1900,"['dfs and similar', 'dp', 'trees']"
65527,2200,"['data structures', 'implementation']"
65526,2200,"['greedy', 'implementation', 'math']"
65520,800,['implementation']
65466,1700,"['combinatorics', 'dp', 'math']"
65464,1400,"['math', 'number theory']"
65424,1000,['implementation']
65422,2000,"['greedy', 'math']"
65420,2000,['math']
65416,2000,[]
65402,1900,[]
65400,1300,['greedy']
65362,900,[]
65360,2400,['data structures']
65356,2600,[]
65352,1500,['math']
65350,1900,['math']
65340,2200,['dp']
65288,2400,"['dp', 'greedy', 'math', 'trees']"
65110,2500,[]
65104,1600,"['implementation', 'math']"
65102,1100,['math']
65044,1500,"['combinatorics', 'dp', 'implementation']"
65042,1200,"['greedy', 'implementation']"
64980,1800,"['data structures', 'dp', 'trees']"
64928,2000,"['binary search', 'dp', 'greedy']"
64922,1600,['greedy']
64920,1200,"['implementation', 'math']"
64864,1500,"['combinatorics', 'dp', 'math']"
64804,1500,['implementation']
64802,900,['math']
64800,800,['math']
64631,2100,"['data structures', 'dp']"
64630,1900,['dp']
64624,1300,[]
64622,1000,['greedy']
64620,800,['math']
64570,2500,"['dp', 'greedy']"
64568,1900,"['data structures', 'trees']"
64564,1300,"['binary search', 'math']"
64562,1200,"['implementation', 'math', 'number theory']"
64500,800,"['implementation', 'math']"
64390,2500,"['dfs and similar', 'dp', 'greedy', 'trees']"
64388,2300,"['bitmasks', 'combinatorics', 'dp', 'math']"
64382,1000,"['implementation', 'math']"
64220,1100,['implementation']
64218,2300,['dp']
64210,1500,['greedy']
64208,2100,"['binary search', 'data structures']"
64206,1300,['greedy']
64204,2000,"['data structures', 'greedy']"
64202,2400,"['data structures', 'greedy']"
64082,1200,"['math', 'number theory']"
64080,1400,['math']
64020,1900,['dp']
63970,2100,['dp']
63968,1700,"['data structures', 'implementation', 'math']"
63966,1800,"['binary search', 'implementation']"
63964,1400,['implementation']
63960,1100,['math']
63910,2500,"['dfs and similar', 'dp', 'trees']"
63904,1600,['greedy']
63900,800,"['implementation', 'math']"
63842,1200,['math']
63728,2300,"['binary search', 'data structures', 'dfs and similar', 'greedy', 'trees']"
63726,1800,"['dfs and similar', 'graphs', 'implementation', 'math']"
63724,1600,"['greedy', 'implementation', 'math']"
63722,1500,"['greedy', 'math', 'number theory']"
63720,1300,"['greedy', 'implementation']"
63664,1700,"['data structures', 'dp', 'implementation', 'math', 'number theory']"
63660,800,"['greedy', 'implementation', 'math']"
63608,2000,"['dfs and similar', 'dp', 'trees']"
63606,1900,"['greedy', 'math']"
63602,1100,['greedy']
63548,2400,"['binary search', 'data structures', 'dp', 'greedy', 'trees']"
63542,1300,['implementation']
63540,1000,['implementation']
63370,2500,"['binary search', 'dp', 'math']"
63362,1600,"['math', 'number theory']"
63360,800,['implementation']
63308,2500,"['binary search', 'dp']"
63304,1900,"['math', 'number theory']"
63302,1300,"['dsu', 'implementation']"
63300,900,['graphs']
63246,1900,"['greedy', 'implementation']"
63242,1000,['implementation']
63240,800,['implementation']
63066,1700,"['bitmasks', 'dp']"
63062,1000,"['greedy', 'math', 'number theory']"
62820,800,['math']
62770,1400,['implementation']
62764,1400,['greedy']
62714,2400,['math']
62712,2200,['data structures']
62704,2300,"['dfs and similar', 'graphs', 'trees']"
62646,2400,"['data structures', 'dsu']"
62582,1200,['implementation']
62580,800,"['implementation', 'math']"
62520,1100,"['binary search', 'implementation']"
62470,2500,"['data structures', 'divide and conquer', 'dp', 'math']"
62462,1000,['math']
62402,1300,"['dp', 'greedy', 'math']"
62400,1000,['greedy']
62286,1800,"['dp', 'greedy', 'implementation']"
62230,2500,"['combinatorics', 'data structures', 'math']"
62228,2200,['graphs']
62222,1300,['greedy']
62170,2400,"['combinatorics', 'math', 'number theory']"
62164,1900,"['combinatorics', 'dp']"
62162,1600,['math']
62160,1000,['math']
62040,1800,['number theory']
61982,1100,"['math', 'number theory']"
61980,1000,"['dfs and similar', 'graphs', 'implementation']"
61930,2400,"['dp', 'trees']"
61928,2100,"['dp', 'math']"
61922,1200,[]
61920,900,[]
61866,1900,['greedy']
61864,1600,['greedy']
61862,1500,[]
61860,800,"['implementation', 'math']"
61810,2500,['data structures']
61808,2000,"['bitmasks', 'dp']"
61804,1300,['implementation']
61800,800,['implementation']
61748,2100,"['dp', 'graphs', 'greedy']"
61746,1900,"['implementation', 'math']"
61742,1200,"['dp', 'greedy', 'math']"
61686,2100,"['combinatorics', 'data structures', 'greedy']"
61680,800,['implementation']
61632,2600,"['bitmasks', 'math', 'number theory']"
61628,2100,"['combinatorics', 'dp', 'math']"
61626,1700,"['dfs and similar', 'graphs']"
61624,1600,['greedy']
61622,1200,"['implementation', 'math']"
61390,2600,"['dfs and similar', 'dsu', 'graphs', 'trees']"
61384,1200,['greedy']
61382,1000,['math']
61200,1000,['math']
61022,1200,"['implementation', 'math']"
61020,800,['implementation']
60970,2600,"['dfs and similar', 'dp', 'trees']"
60964,1800,"['dp', 'implementation']"
60960,900,"['greedy', 'implementation', 'math']"
60909,1900,"['binary search', 'dp', 'greedy']"
60902,1200,['implementation']
60900,800,['implementation']
60782,1200,['greedy']
60780,800,['math']
60724,1900,['dp']
60606,2000,"['dfs and similar', 'graphs', 'implementation', 'trees']"
60604,1800,['number theory']
60600,1500,"['binary search', 'math']"
60550,2300,"['data structures', 'dsu', 'trees']"
60544,1700,"['greedy', 'math']"
60542,1400,"['greedy', 'implementation']"
60540,800,['implementation']
60368,1600,"['dfs and similar', 'graphs', 'trees']"
60366,1700,['implementation']
60360,800,['implementation']
60306,1500,"['dp', 'greedy', 'number theory']"
60300,800,['implementation']
60250,2600,"['bitmasks', 'data structures', 'divide and conquer']"
60240,900,['implementation']
60186,1600,['greedy']
60180,800,['implementation']
60129,1900,[]
60128,1500,[]
60126,1600,[]
60127,1300,[]
60126,1200,[]
60125,1800,[]
60124,1700,[]
60122,1700,[]
60122,1600,[]
60123,1600,[]
60122,1300,[]
60120,1900,[]
60120,1500,[]
60121,1300,[]
60120,800,[]
60010,2400,"['data structures', 'divide and conquer']"
60008,2100,"['dfs and similar', 'graphs', 'trees']"
60006,1900,"['combinatorics', 'dp']"
60002,1500,['greedy']
60000,1200,"['greedy', 'implementation']"
59950,2000,['dp']
59948,2000,"['dfs and similar', 'graphs', 'greedy']"
59946,1900,"['data structures', 'greedy', 'implementation']"
59944,1200,['implementation']
59942,900,['implementation']
59824,2500,"['combinatorics', 'math']"
59762,1300,"['binary search', 'math']"
59760,800,"['dp', 'greedy']"
59706,2500,['math']
59702,1400,"['greedy', 'implementation', 'math']"
59640,800,['implementation']
59586,2500,"['binary search', 'dp', 'greedy']"
59528,2500,"['binary search', 'data structures']"
59524,1600,['math']
59522,1600,"['math', 'number theory']"
59466,1500,"['dp', 'greedy']"
59464,1500,"['binary search', 'implementation']"
59460,1000,['implementation']
59412,2400,"['divide and conquer', 'dp', 'dsu', 'number theory', 'trees']"
59410,2400,"['dfs and similar', 'dp', 'greedy', 'trees']"
59404,1500,['implementation']
59400,1000,"['implementation', 'math']"
59290,2100,['dp']
59222,1100,['math']
59220,800,['implementation']
59164,2500,"['bitmasks', 'dfs and similar', 'dsu', 'graphs']"
59162,1800,"['combinatorics', 'math']"
59104,1500,['greedy']
59102,1200,['implementation']
59100,1100,['implementation']
59042,1100,['implementation']
58982,1800,['dp']
58980,1700,"['implementation', 'math']"
58924,1500,"['dfs and similar', 'dp', 'graphs', 'greedy', 'trees']"
58922,1300,"['data structures', 'greedy', 'implementation']"
58872,2500,['data structures']
58868,2200,"['bitmasks', 'data structures', 'divide and conquer', 'dp']"
58866,1900,"['bitmasks', 'dp', 'greedy']"
58864,1400,"['implementation', 'trees']"
58808,2200,"['data structures', 'greedy', 'trees']"
58806,2100,"['dp', 'math', 'number theory']"
58800,900,"['implementation', 'math']"
58748,2400,['dp']
58744,1600,"['dfs and similar', 'trees']"
58742,1800,['greedy']
58740,1000,['math']
58690,1500,"['binary search', 'data structures', 'implementation']"
58688,1400,"['combinatorics', 'math']"
58680,800,['implementation']
58630,1700,['dp']
58628,1500,"['dfs and similar', 'dsu', 'graphs']"
58620,800,['implementation']
58562,1300,"['implementation', 'math']"
58560,800,['implementation']
58504,1400,['binary search']
58020,1100,['implementation']
57904,2000,['math']
57902,1300,['implementation']
57900,800,['math']
57842,1300,['math']
57840,800,['math']
57780,1800,"['math', 'number theory']"
57730,2400,"['dfs and similar', 'graphs', 'trees']"
57726,1600,"['data structures', 'implementation']"
57720,1300,['implementation']
57668,1900,['data structures']
57660,900,['implementation']
57610,2100,"['data structures', 'dp', 'graphs']"
57600,1200,['implementation']
57548,1900,"['bitmasks', 'dp', 'graphs', 'implementation', 'math']"
57542,1200,"['dsu', 'greedy', 'implementation']"
57490,2600,['fft']
57490,1500,['implementation']
57484,2500,"['data structures', 'dp']"
57485,2000,['dp']
57483,2200,"['data structures', 'dfs and similar', 'graphs', 'greedy', 'trees']"
57482,1000,['implementation']
57480,1400,['implementation']
57420,1300,['implementation']
57310,2600,"['dp', 'trees']"
57304,2100,"['binary search', 'math', 'number theory']"
57302,1400,['implementation']
57300,1100,"['greedy', 'math']"
57256,2200,"['fft', 'math']"
57254,2500,"['combinatorics', 'dp']"
57244,1700,['implementation']
57240,800,['implementation']
57130,2400,[]
57128,2000,[]
57124,1600,['implementation']
57120,800,['math']
57002,1100,"['greedy', 'implementation']"
57000,800,"['implementation', 'math']"
56944,1900,"['dfs and similar', 'graphs']"
56940,1600,['greedy']
56772,2500,"['data structures', 'dp']"
56768,2200,"['greedy', 'implementation']"
56766,1800,['dp']
56762,1100,"['math', 'number theory']"
56760,800,['greedy']
56408,2000,"['data structures', 'dp', 'greedy', 'math']"
56406,1600,"['binary search', 'implementation']"
56402,1400,"['dp', 'greedy']"
56350,2400,"['data structures', 'dp']"
56342,1000,['implementation']
56340,800,['graphs']
56288,2300,"['combinatorics', 'math']"
56280,800,['implementation']
56160,1700,"['binary search', 'implementation', 'math']"
56110,2600,"['data structures', 'greedy']"
56108,2300,"['dfs and similar', 'dp', 'trees']"
56102,900,['implementation']
55982,2000,['math']
55980,1800,['dp']
55928,2400,"['combinatorics', 'dp', 'math']"
55926,2200,"['binary search', 'dp', 'trees']"
55922,1300,"['binary search', 'data structures', 'dfs and similar']"
55864,1700,"['implementation', 'math']"
55804,1900,"['data structures', 'dp']"
55800,1500,"['dfs and similar', 'graphs', 'trees']"
55746,2400,[]
55578,2100,['data structures']
55576,1700,[]
55574,2200,[]
55572,1500,[]
55570,2000,[]
55566,1600,[]
55564,1700,['implementation']
55562,1800,[]
55560,1300,"['implementation', 'math']"
55500,1600,['binary search']
55446,2500,[]
55444,1700,"['data structures', 'dp', 'greedy']"
55440,1300,"['greedy', 'implementation']"
55382,1600,"['binary search', 'data structures']"
55380,1700,"['math', 'number theory']"
55328,2200,['dp']
55320,1300,['implementation']
55208,2100,"['data structures', 'dfs and similar', 'dsu', 'graphs']"
55206,2400,"['dp', 'greedy', 'implementation']"
55202,1200,['implementation']
55200,1000,['implementation']
55146,1700,"['dfs and similar', 'dp', 'graphs']"
55020,1800,"['dp', 'greedy', 'implementation', 'math']"
54968,2400,"['data structures', 'trees']"
54962,2000,"['bitmasks', 'greedy', 'math']"
54912,2300,"['math', 'number theory']"
54910,2400,"['data structures', 'dsu', 'graphs', 'trees']"
54906,2200,"['dfs and similar', 'graphs']"
54904,1700,"['dp', 'greedy']"
54902,1300,['implementation']
54900,900,['implementation']
54852,2600,"['bitmasks', 'divide and conquer', 'dp', 'fft', 'math']"
54848,2400,"['bitmasks', 'data structures', 'divide and conquer', 'trees']"
54846,1900,"['data structures', 'number theory']"
54784,1600,"['bitmasks', 'dp', 'greedy']"
54782,1200,"['implementation', 'trees']"
54780,900,"['implementation', 'math']"
54720,800,['implementation']
54672,2500,['data structures']
54660,1100,['implementation']
54602,1600,"['greedy', 'implementation']"
54600,800,"['dfs and similar', 'dp', 'greedy', 'implementation']"
54548,1900,"['dfs and similar', 'dp', 'graphs', 'greedy']"
54546,2100,"['data structures', 'greedy', 'implementation']"
54544,1800,['dp']
54490,2400,"['graphs', 'greedy', 'implementation']"
54488,2500,"['bitmasks', 'combinatorics', 'dp', 'math']"
54422,1400,['implementation']
54190,2200,"['bitmasks', 'dp']"
54186,2200,"['data structures', 'math']"
54184,1200,['greedy']
54182,1200,"['greedy', 'implementation']"
54180,900,"['greedy', 'implementation']"
54122,1200,"['dfs and similar', 'dsu', 'greedy']"
54120,1100,"['greedy', 'implementation']"
54006,2000,"['bitmasks', 'combinatorics', 'dp', 'math', 'number theory']"
54002,1300,"['math', 'number theory']"
53942,1200,['implementation']
53886,1600,['greedy']
53880,800,"['implementation', 'math']"
53820,800,['implementation']
53760,1700,"['binary search', 'dfs and similar']"
53704,2000,"['bitmasks', 'combinatorics', 'dp', 'math']"
53648,2100,"['dp', 'graphs']"
53590,2300,"['data structures', 'trees']"
53588,2000,"['combinatorics', 'dp', 'math', 'number theory']"
53586,1900,"['data structures', 'dp', 'greedy', 'implementation']"
53584,1300,"['dfs and similar', 'graphs', 'greedy']"
53580,900,['implementation']
53520,900,"['greedy', 'implementation']"
53464,2300,"['data structures', 'dsu', 'graphs']"
53290,2500,"['dp', 'graphs']"
53286,1600,"['combinatorics', 'dp', 'math']"
53282,1000,['greedy']
53220,1000,['implementation']
53168,2400,"['combinatorics', 'dp', 'math']"
53164,1300,"['dsu', 'greedy', 'implementation', 'trees']"
53162,1000,[]
53048,2500,['dsu']
53046,2300,"['data structures', 'greedy']"
53044,1500,"['dfs and similar', 'greedy', 'math']"
53042,1100,['implementation']
53040,800,['implementation']
53004,1100,"['greedy', 'math']"
53002,2500,['data structures']
52996,1900,"['binary search', 'dp']"
52992,1900,"['dfs and similar', 'graphs']"
52990,1300,['implementation']
52986,2500,"['binary search', 'dp', 'math']"
52984,2300,"['binary search', 'implementation']"
52980,2200,['implementation']
52742,1200,"['data structures', 'implementation']"
52740,900,['implementation']
52682,2300,"['data structures', 'implementation']"
52628,2000,"['bitmasks', 'data structures', 'trees']"
52562,1300,"['implementation', 'math', 'number theory']"
52560,900,['math']
52510,2500,"['dsu', 'graphs', 'greedy']"
52508,2600,"['binary search', 'data structures', 'dp']"
52506,2200,"['binary search', 'bitmasks', 'combinatorics', 'data structures', 'divide and conquer']"
52504,2100,"['2-sat', 'dfs and similar', 'graphs', 'implementation']"
52382,1500,"['dp', 'implementation']"
52380,800,['implementation']
52208,2300,"['dfs and similar', 'dsu', 'graphs', 'trees']"
52204,1300,"['dp', 'greedy', 'math', 'number theory']"
52202,1200,['greedy']
52144,1800,"['combinatorics', 'dp', 'math']"
52142,1100,['math']
52090,2500,"['divide and conquer', 'dp']"
52082,1400,['implementation']
52020,800,['implementation']
51904,2400,"['binary search', 'dp']"
51846,1500,"['greedy', 'implementation', 'math']"
51844,1500,"['greedy', 'implementation', 'math']"
51786,1800,"['data structures', 'implementation']"
51784,1800,"['graphs', 'implementation']"
51722,1300,"['dfs and similar', 'graphs', 'trees']"
51720,1000,"['greedy', 'implementation']"
51548,2100,"['combinatorics', 'dfs and similar', 'dsu', 'graphs', 'trees']"
51540,800,"['greedy', 'implementation']"
51488,2200,"['greedy', 'implementation']"
51484,1500,"['dp', 'greedy', 'implementation']"
51366,2400,"['dp', 'trees']"
51364,2400,"['combinatorics', 'dp', 'math']"
51308,2200,"['bitmasks', 'dp']"
51306,2500,['trees']
51304,2000,"['dp', 'trees']"
51186,2400,"['binary search', 'dp', 'greedy']"
51184,2100,['data structures']
51180,1500,['greedy']
51132,1700,['implementation']
51130,2200,"['combinatorics', 'math', 'number theory']"
51128,2100,['dp']
51060,800,"['implementation', 'math']"
51002,2100,"['implementation', 'number theory']"
50940,1000,['implementation']
50884,2600,"['data structures', 'divide and conquer']"
50844,1000,"['implementation', 'math']"
50836,1900,"['dfs and similar', 'implementation', 'math']"
50834,1600,['greedy']
50832,900,['implementation']
50828,1800,"['binary search', 'dp']"
50822,1600,"['binary search', 'data structures']"
50820,1500,['implementation']
50768,2300,"['dfs and similar', 'greedy', 'trees']"
50766,1900,"['binary search', 'data structures']"
50712,2300,"['dfs and similar', 'graphs', 'math']"
50710,2500,"['bitmasks', 'dp']"
50708,2400,"['binary search', 'data structures']"
50706,1800,"['data structures', 'dp', 'greedy']"
50642,1300,"['combinatorics', 'math']"
50526,2000,"['binary search', 'data structures']"
50524,2000,"['dfs and similar', 'graphs', 'math', 'number theory', 'trees']"
50404,2500,"['combinatorics', 'dp']"
50346,2200,"['combinatorics', 'dp', 'math', 'number theory']"
50340,900,['implementation']
50288,2300,['dp']
50282,2100,"['data structures', 'dfs and similar', 'trees']"
50232,2500,['data structures']
50228,2100,"['binary search', 'implementation', 'math']"
50226,2100,"['dp', 'math']"
50220,800,['implementation']
50110,2500,"['dfs and similar', 'dp', 'graphs', 'trees']"
50104,1600,"['dp', 'implementation']"
50102,1100,['greedy']
50100,800,['math']
50042,1100,"['data structures', 'implementation']"
50040,900,['implementation']
49980,1700,"['math', 'number theory']"
49926,1900,"['dfs and similar', 'graphs', 'trees']"
49924,2500,"['binary search', 'implementation', 'math']"
49860,1000,['implementation']
49682,1300,['implementation']
49680,1200,['implementation']
49512,2500,"['dfs and similar', 'graphs', 'trees']"
49508,2300,"['data structures', 'dfs and similar', 'graphs', 'greedy']"
49506,1500,"['binary search', 'greedy', 'implementation']"
49504,1600,"['greedy', 'implementation']"
49500,1100,['implementation']
49320,800,"['implementation', 'math', 'number theory']"
49264,1500,"['data structures', 'greedy', 'trees']"
49260,800,['implementation']
49200,900,['implementation']
49142,1900,"['data structures', 'implementation', 'math']"
49086,1700,"['data structures', 'implementation']"
49082,1600,['implementation']
49080,800,"['implementation', 'math']"
49030,2300,"['binary search', 'data structures', 'trees']"
49028,2000,"['bitmasks', 'data structures', 'trees']"
49020,1200,"['implementation', 'math', 'number theory']"
48962,1400,"['binary search', 'data structures', 'implementation']"
48790,2500,"['data structures', 'dsu', 'graphs']"
48788,2200,"['binary search', 'data structures']"
48784,1700,"['dfs and similar', 'graphs']"
48780,1100,['implementation']
48720,1200,['implementation']
48668,2600,"['data structures', 'dsu', 'graphs']"
48664,1900,"['dp', 'implementation']"
48600,900,"['implementation', 'math']"
48544,2600,"['combinatorics', 'divide and conquer', 'dp']"
48486,1900,"['binary search', 'data structures', 'implementation']"
48482,1300,"['data structures', 'implementation', 'math']"
48480,900,['implementation']
48300,1000,"['greedy', 'math']"
48242,1400,"['combinatorics', 'greedy', 'implementation', 'math']"
48192,2300,['data structures']
48190,2000,"['bitmasks', 'combinatorics', 'number theory']"
48188,2000,"['dp', 'graphs']"
48186,1900,"['binary search', 'greedy']"
48142,2400,"['dfs and similar', 'dp', 'math', 'trees']"
48140,2100,"['dp', 'trees']"
48138,1400,"['dfs and similar', 'graphs', 'trees']"
48128,2200,['math']
48126,2100,['math']
48122,1800,"['data structures', 'greedy']"
48120,1800,['greedy']
47944,1800,"['binary search', 'data structures', 'implementation']"
47942,1400,"['data structures', 'implementation']"
47884,1700,"['dp', 'greedy', 'number theory']"
47826,2100,"['data structures', 'dfs and similar']"
47822,1400,"['dp', 'greedy', 'implementation']"
47820,1100,"['implementation', 'math', 'number theory']"
47768,2400,"['binary search', 'dp']"
47762,1300,['implementation']
47580,900,"['implementation', 'math']"
47528,2500,"['greedy', 'math', 'number theory']"
47526,1900,"['bitmasks', 'trees']"
47524,2000,"['dp', 'greedy', 'math', 'number theory']"
47522,1300,['implementation']
47460,800,['implementation']
47340,1100,"['implementation', 'math']"
47222,1300,"['greedy', 'implementation', 'math']"
47164,2400,"['data structures', 'divide and conquer']"
47106,2300,"['combinatorics', 'dp', 'math', 'number theory']"
47104,1600,"['binary search', 'math']"
46804,1600,"['dfs and similar', 'graphs', 'greedy', 'trees']"
46802,1600,['binary search']
46800,800,['implementation']
46568,2100,"['math', 'number theory']"
46566,2000,"['2-sat', 'dfs and similar', 'dsu', 'graphs']"
46380,1700,"['binary search', 'math']"
46320,1800,"['binary search', 'math']"
46266,2500,['dp']
46264,2100,"['dfs and similar', 'dp', 'trees']"
46260,1500,"['dfs and similar', 'dsu', 'graphs']"
46028,2400,['greedy']
46024,2000,"['dfs and similar', 'graphs', 'greedy', 'trees']"
46020,1100,"['data structures', 'implementation']"
45966,2000,"['data structures', 'dfs and similar', 'dp', 'dsu', 'graphs']"
45908,2200,"['dfs and similar', 'dp', 'greedy', 'implementation', 'trees']"
45904,1200,['math']
45900,900,"['implementation', 'math']"
45780,1600,"['dfs and similar', 'dp', 'dsu', 'graphs', 'implementation', 'trees']"
45728,2200,"['binary search', 'data structures']"
45726,2300,"['dp', 'greedy', 'implementation']"
45720,1400,"['math', 'number theory']"
45602,1500,"['binary search', 'greedy']"
45600,800,"['implementation', 'math']"
45488,2600,"['dfs and similar', 'dp', 'graphs', 'greedy', 'trees']"
45480,800,"['implementation', 'math']"
45426,2200,"['bitmasks', 'dp']"
45422,1400,"['greedy', 'math', 'number theory']"
45420,1000,['implementation']
45364,2200,['data structures']
45362,1600,"['binary search', 'dp']"
45310,2600,"['bitmasks', 'dp', 'greedy']"
45306,2000,['data structures']
45180,1000,"['dp', 'greedy', 'math']"
45004,1600,"['binary search', 'greedy', 'math']"
44946,2000,"['binary search', 'data structures']"
44940,800,"['greedy', 'implementation', 'math', 'number theory']"
44880,800,"['implementation', 'math']"
44824,1300,['implementation']
44768,1900,"['greedy', 'implementation', 'math']"
44760,800,"['implementation', 'math']"
44702,1400,['implementation']
44640,1500,"['dfs and similar', 'graphs']"
44586,1800,"['dfs and similar', 'dp', 'graphs', 'trees']"
44520,1000,"['implementation', 'math', 'number theory']"
44462,1600,"['dfs and similar', 'dp', 'dsu']"
44460,1600,"['dfs and similar', 'math']"
44344,2500,['data structures']
44342,1900,"['binary search', 'data structures', 'dfs and similar', 'graphs', 'trees']"
44108,2500,"['dp', 'trees']"
44106,1600,"['math', 'number theory']"
44048,2100,"['dfs and similar', 'dp', 'trees']"
44046,1700,['implementation']
43990,2200,"['data structures', 'dsu', 'graphs', 'trees']"
43982,1100,['math']
43980,1000,['implementation']
43930,2300,"['dfs and similar', 'graphs']"
43922,1000,"['dp', 'greedy']"
43864,1600,"['dfs and similar', 'dsu', 'graphs', 'greedy']"
43818,1900,['dp']
43812,1600,['implementation']
43808,2200,"['greedy', 'implementation']"
43806,2200,"['greedy', 'implementation', 'math']"
43804,2100,"['binary search', 'dfs and similar']"
43800,1800,"['greedy', 'implementation']"
43750,2500,['dp']
43742,1200,"['dp', 'implementation']"
43630,2300,"['binary search', 'dp', 'greedy']"
43506,1800,"['data structures', 'greedy']"
43502,1200,"['implementation', 'math']"
43500,1000,['implementation']
43452,2600,"['bitmasks', 'graphs', 'math', 'number theory', 'trees']"
43440,1000,['implementation']
43390,2300,"['dsu', 'graphs', 'greedy', 'implementation']"
43386,1600,"['dfs and similar', 'dsu', 'graphs', 'greedy', 'implementation']"
43384,1600,['greedy']
43324,1600,"['data structures', 'dsu']"
43264,1800,"['dp', 'graphs']"
43260,800,['implementation']
43200,2000,['greedy']
43142,1400,['greedy']
43140,1100,['implementation']
43080,1700,"['dp', 'implementation', 'math']"
43030,2600,['data structures']
43028,1900,['dfs and similar']
42960,800,['implementation']
42840,1100,"['implementation', 'math']"
42780,1400,"['data structures', 'implementation']"
42726,2200,"['combinatorics', 'dp', 'math']"
42724,1600,"['greedy', 'math']"
42720,800,"['implementation', 'math']"
42666,1900,"['combinatorics', 'dfs and similar', 'graphs', 'math']"
42664,1700,['dp']
42608,2000,"['dfs and similar', 'dp']"
42606,2500,"['math', 'number theory']"
42600,800,['implementation']
42540,900,['implementation']
42484,2300,"['data structures', 'dfs and similar', 'dp', 'graphs', 'greedy', 'trees']"
42428,2400,['data structures']
42426,2200,"['bitmasks', 'data structures', 'dfs and similar', 'implementation']"
42424,1500,"['math', 'number theory']"
42422,1300,['graphs']
42420,800,['implementation']
42368,2500,"['data structures', 'implementation']"
42366,1800,"['binary search', 'bitmasks', 'data structures', 'trees']"
42362,1100,"['binary search', 'dp', 'implementation']"
42300,800,['implementation']
42242,2500,"['dp', 'graphs', 'greedy']"
42188,2600,"['dp', 'number theory']"
42186,2100,['data structures']
42182,1400,"['implementation', 'math']"
42180,800,['implementation']
42128,2100,"['data structures', 'graphs']"
42126,1900,['math']
42120,800,"['dp', 'greedy', 'implementation']"
42062,1200,"['data structures', 'math']"
42060,800,"['greedy', 'implementation']"
42004,2600,"['dfs and similar', 'graphs']"
42002,1800,"['dfs and similar', 'dp', 'graphs', 'trees']"
42000,1900,"['binary search', 'math']"
41942,1400,['implementation']
41940,1000,['implementation']
41880,1400,['dp']
41820,900,"['implementation', 'math']"
41466,1700,"['dfs and similar', 'dsu', 'math']"
41460,1000,['implementation']
41410,1300,[]
41409,2600,[]
41408,1800,[]
41406,2100,['dp']
41407,1800,['combinatorics']
41406,1200,[]
41404,2200,['trees']
41405,1500,"['dfs and similar', 'graphs', 'trees']"
41404,1300,[]
41402,2600,['data structures']
41402,1700,[]
41400,2400,[]
41401,2300,[]
41400,1100,[]
41346,2100,"['binary search', 'data structures']"
41344,1700,"['binary search', 'combinatorics', 'math']"
41280,800,['implementation']
41224,1900,['dp']
41220,1500,"['dfs and similar', 'graphs']"
41102,1900,"['data structures', 'dfs and similar', 'dp', 'trees']"
40924,1600,"['dfs and similar', 'dp', 'graphs', 'trees']"
40860,800,['implementation']
40744,2400,"['dfs and similar', 'dsu', 'implementation']"
40742,2200,"['binary search', 'dp', 'greedy']"
40686,1700,"['math', 'number theory']"
40684,1600,"['implementation', 'math', 'number theory']"
40682,1600,['implementation']
40680,800,"['implementation', 'math']"
40622,1400,"['implementation', 'math']"
40620,800,['implementation']
40568,2400,['math']
40562,1500,"['implementation', 'math', 'math']"
40508,2300,"['data structures', 'dp', 'greedy']"
40506,1800,"['data structures', 'trees']"
40500,1100,['math']
40382,1300,"['greedy', 'implementation']"
40380,800,['implementation']
40320,800,['implementation']
40262,2000,"['binary search', 'greedy']"
40207,1500,"['binary search', 'implementation']"
40202,1000,['implementation']
40140,800,['math']
39900,1600,['implementation']
39840,800,"['math', 'number theory']"
39722,2200,"['dfs and similar', 'graphs']"
39608,2300,"['combinatorics', 'math']"
39602,1000,['implementation']
39600,1200,"['greedy', 'implementation', 'math', 'number theory']"
39552,2300,"['combinatorics', 'dp', 'number theory']"
39548,1600,"['data structures', 'dfs and similar', 'dsu', 'graphs', 'greedy']"
39544,1200,"['greedy', 'implementation']"
39540,1000,"['implementation', 'math']"
39480,800,['implementation']
39188,2400,"['dfs and similar', 'dsu', 'graphs', 'trees']"
39128,2300,"['dfs and similar', 'dsu', 'graphs', 'trees']"
39120,1400,"['implementation', 'math']"
39060,1100,"['dp', 'greedy', 'implementation', 'math']"
39004,2200,"['dfs and similar', 'dp', 'dsu', 'graphs', 'greedy']"
38710,2500,"['combinatorics', 'math', 'number theory']"
38706,1800,"['binary search', 'dp', 'graphs']"
38702,1200,"['greedy', 'math']"
38584,2400,['dp']
38580,1500,['implementation']
38472,2300,[]
38468,2000,['data structures']
38462,1400,['implementation']
38460,1000,['implementation']
38340,1200,['implementation']
37990,2600,"['dfs and similar', 'dp', 'graphs', 'trees']"
37928,2400,"['divide and conquer', 'dp', 'fft', 'math']"
37920,1200,[]
37826,1300,['math']
37822,1400,"['implementation', 'math']"
37820,1500,"['math', 'number theory']"
37818,1100,"['math', 'number theory']"
37816,1700,"['combinatorics', 'math']"
37814,1400,"['combinatorics', 'math']"
37812,1600,"['combinatorics', 'math']"
37810,1300,"['combinatorics', 'math']"
37808,1900,['math']
37806,1100,['math']
37804,1100,"['combinatorics', 'math']"
37802,1200,['math']
37800,800,['number theory']
37746,2000,"['data structures', 'dp']"
37688,2300,"['data structures', 'implementation']"
37686,2200,['dp']
37682,1300,['dp']
37680,1000,"['implementation', 'math']"
37626,2600,"['binary search', 'dfs and similar', 'dp', 'graphs', 'greedy', 'trees']"
37624,2200,"['data structures', 'divide and conquer', 'greedy']"
37622,1700,['data structures']
37620,1700,"['dp', 'math']"
37570,2400,['dp']
37500,1700,"['implementation', 'math']"
37440,800,['math']
37382,2300,"['dp', 'greedy', 'number theory']"
37330,2600,['math']
37324,1700,"['data structures', 'implementation']"
37322,900,['implementation']
37320,1000,"['implementation', 'math']"
37262,1300,"['combinatorics', 'implementation']"
37260,900,['implementation']
37208,2100,"['bitmasks', 'data structures', 'trees']"
37204,1500,['greedy']
37202,1000,['implementation']
37200,800,"['implementation', 'math']"
37080,800,['implementation']
37028,2200,['data structures']
37024,1600,['implementation']
37022,1300,['combinatorics']
37020,800,['math']
36968,2200,"['implementation', 'math', 'number theory']"
36964,1600,['dfs and similar']
36908,2100,"['binary search', 'implementation', 'math']"
36906,2000,"['math', 'number theory']"
36902,1600,"['dp', 'graphs']"
36900,800,['implementation']
36842,1400,"['implementation', 'math']"
36730,2600,['dp']
36722,1200,"['implementation', 'math']"
36670,2500,"['binary search', 'implementation']"
36664,1500,"['dp', 'implementation']"
36660,900,['implementation']
36600,1000,"['combinatorics', 'math']"
36550,2500,"['data structures', 'greedy']"
36548,2100,"['data structures', 'dfs and similar', 'dsu', 'graphs', 'trees']"
36544,1500,"['implementation', 'math']"
36480,1000,"['implementation', 'math']"
36426,2600,"['data structures', 'trees']"
36422,1900,['dp']
36420,1600,"['binary search', 'dp']"
36362,1600,['implementation']
36360,1200,['implementation']
36306,2500,"['data structures', 'dfs and similar']"
36242,1400,"['binary search', 'greedy']"
36240,1000,['implementation']
36182,1800,"['combinatorics', 'dfs and similar', 'dsu', 'math', 'number theory']"
36180,1600,"['dp', 'greedy', 'math']"
36062,2100,"['data structures', 'math']"
36008,2300,"['data structures', 'dfs and similar', 'dsu', 'trees']"
35948,2600,"['bitmasks', 'dp', 'trees']"
35942,1500,['implementation']
35940,800,['implementation']
35880,900,['math']
35824,1900,"['data structures', 'dp']"
35820,1600,['math']
35762,1100,"['greedy', 'implementation']"
35702,1600,"['binary search', 'math']"
35646,2500,"['data structures', 'number theory']"
35586,2400,"['data structures', 'dfs and similar', 'graphs', 'math', 'trees']"
35526,2200,"['dfs and similar', 'dp', 'graphs', 'trees']"
35524,1800,['math']
35522,1100,['math']
35520,1200,['implementation']
35460,900,"['implementation', 'math']"
35406,2300,['dp']
35400,1700,['implementation']
35282,1300,['math']
35280,900,['greedy']
35224,2200,"['data structures', 'trees']"
35222,2100,['dp']
35220,1500,['greedy']
35162,1300,['implementation']
35160,900,['implementation']
35104,2400,['number theory']
35042,1500,['combinatorics']
35040,1000,['math']
34982,1200,"['greedy', 'implementation']"
34980,1000,['implementation']
34924,2400,['number theory']
34862,1100,"['implementation', 'math']"
34860,800,"['implementation', 'math']"
34806,1800,"['bitmasks', 'dp']"
34804,1500,"['dfs and similar', 'graphs', 'trees']"
34740,1000,['bitmasks']
34620,1000,"['implementation', 'number theory']"
34560,1500,"['math', 'number theory']"
34514,1800,"['combinatorics', 'dp', 'math', 'number theory']"
34510,2100,"['dp', 'greedy']"
34502,2200,"['dfs and similar', 'graphs', 'trees']"
34440,1200,"['greedy', 'implementation']"
34382,1600,"['binary search', 'data structures', 'dp', 'math']"
34380,1300,"['implementation', 'math', 'number theory']"
34260,2100,"['combinatorics', 'implementation', 'math']"
34208,2300,"['combinatorics', 'dp']"
34200,1100,['implementation']
34142,1200,"['greedy', 'math']"
34140,1500,"['implementation', 'math']"
34084,2600,"['2-sat', 'greedy']"
34082,1900,"['combinatorics', 'dp', 'math']"
34030,2400,['dp']
34024,1700,"['binary search', 'data structures', 'dp']"
34022,1300,['implementation']
34020,900,"['greedy', 'implementation']"
33970,1500,"['dp', 'math', 'number theory']"
33966,1900,"['data structures', 'dsu']"
33544,2200,"['combinatorics', 'dp', 'math', 'number theory']"
33482,1300,['implementation']
33426,2000,"['combinatorics', 'dfs and similar', 'graphs', 'math']"
33420,1100,"['greedy', 'implementation', 'math']"
33360,900,['greedy']
33306,2500,"['binary search', 'implementation', 'math']"
33304,2200,['data structures']
33300,1500,['implementation']
33186,2300,"['binary search', 'graphs', 'greedy']"
33184,2200,"['dfs and similar', 'dsu', 'graphs']"
33180,1500,"['combinatorics', 'dp', 'math']"
33122,1200,"['implementation', 'math']"
33120,1000,"['implementation', 'math']"
33068,2500,"['binary search', 'data structures', 'implementation']"
33064,2200,"['binary search', 'greedy']"
32954,2100,"['binary search', 'math']"
32946,1900,"['greedy', 'implementation']"
32824,2300,"['bitmasks', 'combinatorics', 'dp', 'math', 'number theory']"
32822,1900,"['binary search', 'data structures', 'dp', 'dsu']"
32704,1500,"['dp', 'greedy']"
32702,1100,['greedy']
32700,900,['implementation']
32586,2300,"['dp', 'trees']"
32584,2500,"['bitmasks', 'dp']"
32580,1800,['dp']
32530,2100,"['dp', 'greedy']"
32404,2000,['dfs and similar']
32402,1700,"['greedy', 'implementation']"
32400,800,['implementation']
32288,2200,"['dfs and similar', 'dp', 'math', 'trees']"
32104,1900,"['binary search', 'greedy', 'math']"
32044,1600,['math']
32042,1400,"['dp', 'greedy', 'math']"
31628,2600,"['dfs and similar', 'graphs']"
31624,1500,"['binary search', 'data structures', 'implementation']"
31622,1500,['greedy']
31620,1100,"['implementation', 'math']"
31568,2400,"['dp', 'implementation']"
31562,1400,"['dfs and similar', 'greedy', 'implementation']"
31442,1700,"['dp', 'greedy']"
31440,1600,['implementation']
31324,2100,['greedy']
31208,2200,"['combinatorics', 'dp', 'math', 'number theory']"
31148,2100,"['binary search', 'data structures', 'dfs and similar', 'dp', 'trees']"
31144,1300,"['greedy', 'implementation', 'math', 'number theory']"
31140,900,['implementation']
30908,2300,['data structures']
30900,1000,['math']
30840,1200,"['greedy', 'implementation']"
30788,2600,['dp']
30786,2400,['dfs and similar']
30783,1800,"['bitmasks', 'divide and conquer', 'math']"
30602,1500,['dfs and similar']
30600,800,['implementation']
30550,2300,"['dp', 'trees']"
30544,2000,"['dp', 'greedy', 'implementation']"
30488,2200,"['dp', 'greedy']"
30486,2500,"['dfs and similar', 'graphs']"
30426,2200,"['dp', 'implementation']"
30424,1700,"['implementation', 'math', 'trees']"
30306,2200,['dfs and similar']
30302,1400,"['dfs and similar', 'dp', 'dsu', 'graphs']"
30068,2500,"['binary search', 'combinatorics', 'implementation']"
30066,2000,['data structures']
30060,900,['implementation']
30008,2300,"['data structures', 'dp', 'dsu']"
30006,1900,"['combinatorics', 'dfs and similar', 'graphs', 'trees']"
30000,1000,"['dfs and similar', 'graphs', 'implementation']"
29940,1000,"['greedy', 'implementation']"
29886,2400,"['data structures', 'dp', 'number theory']"
29766,1900,['binary search']
29702,1600,"['math', 'number theory']"
29700,1100,['implementation']
29640,1500,['greedy']
29582,1400,['implementation']
29580,1300,['implementation']
29528,2000,['math']
29520,800,['implementation']
29462,2100,"['greedy', 'math']"
29410,2200,"['data structures', 'dfs and similar', 'dp', 'trees']"
29402,1500,"['dsu', 'implementation']"
29350,2100,"['combinatorics', 'dp']"
29348,2300,"['binary search', 'dp']"
29344,1400,"['dp', 'greedy', 'implementation']"
29166,2100,"['dfs and similar', 'dp', 'math', 'trees']"
29160,800,"['implementation', 'math']"
29046,2400,"['data structures', 'dp', 'greedy']"
29044,2600,"['implementation', 'math']"
28982,1800,"['binary search', 'math']"
28806,2600,"['dp', 'graphs']"
28748,1900,"['combinatorics', 'dp']"
28746,1700,"['binary search', 'greedy', 'implementation']"
28686,2000,['dp']
28684,1800,['greedy']
28680,1100,['implementation']
28564,1600,['math']
28560,1000,"['implementation', 'math']"
28500,1100,['implementation']
28450,2100,"['data structures', 'math', 'number theory']"
28446,1700,['dp']
28442,1200,"['binary search', 'implementation']"
28440,900,['implementation']
28324,1400,['greedy']
28322,1300,[]
28320,800,"['math', 'number theory']"
28260,1100,['implementation']
28142,1300,['implementation']
28140,800,"['greedy', 'implementation']"
28028,2300,"['data structures', 'dp', 'greedy']"
28024,1700,"['dp', 'implementation']"
28020,800,['implementation']
27968,2100,"['dfs and similar', 'dsu', 'graphs', 'trees']"
27966,2100,"['combinatorics', 'dp']"
27960,1200,['implementation']
27902,1000,['implementation']
27900,900,['implementation']
27844,2100,['dp']
27786,1900,"['dfs and similar', 'dp', 'graphs', 'implementation']"
27722,1300,['greedy']
27664,2200,"['data structures', 'implementation']"
27662,2000,"['dfs and similar', 'dp', 'trees']"
27604,1700,"['binary search', 'data structures', 'greedy']"
27540,1200,['implementation']
27422,1900,['greedy']
27362,1200,"['math', 'number theory']"
27300,1500,['dp']
27242,1200,['implementation']
27240,800,['implementation']
27126,1900,"['greedy', 'implementation']"
27068,2300,"['bitmasks', 'combinatorics', 'number theory']"
27066,2000,['math']
27060,900,['implementation']
27002,1300,"['implementation', 'math']"
27000,1000,['implementation']
26946,2400,"['bitmasks', 'combinatorics', 'dp']"
26940,1700,"['greedy', 'math']"
26884,1900,"['divide and conquer', 'dp', 'greedy']"
26880,800,['implementation']
26822,1000,"['greedy', 'implementation']"
26820,800,['implementation']
26764,2400,"['data structures', 'math', 'number theory']"
26702,1400,"['dfs and similar', 'dsu', 'greedy']"
26700,1200,"['dfs and similar', 'implementation']"
26644,2400,['data structures']
26640,1600,"['greedy', 'math']"
26526,2600,"['data structures', 'trees']"
26524,2500,"['data structures', 'greedy']"
26462,1400,"['greedy', 'implementation']"
26460,1000,['implementation']
26406,2200,"['dp', 'trees']"
26402,1600,"['greedy', 'implementation']"
26400,800,['implementation']
26348,2100,"['combinatorics', 'dp', 'math']"
26340,900,"['greedy', 'implementation']"
26286,2300,"['data structures', 'math']"
26220,1300,['implementation']
26168,2600,"['data structures', 'greedy']"
26164,1800,"['dsu', 'graphs', 'greedy', 'trees']"
26162,1400,"['implementation', 'math']"
26160,1500,['greedy']
26108,2500,[]
26104,1600,['implementation']
26102,1400,['greedy']
26100,1000,['implementation']
25988,2500,['dp']
25986,2000,"['dsu', 'implementation']"
25866,2100,"['binary search', 'bitmasks', 'combinatorics', 'dp', 'math']"
25864,1600,"['dp', 'implementation', 'trees']"
25860,800,['implementation']
25742,1600,['dp']
25740,1300,"['dfs and similar', 'trees']"
25622,1100,"['data structures', 'implementation']"
25620,800,['implementation']
25562,1300,['implementation']
25560,800,['implementation']
25508,2500,['dp']
25504,2300,"['data structures', 'dp']"
25502,2200,"['bitmasks', 'greedy']"
25444,1600,['math']
25440,900,['implementation']
25206,2200,['data structures']
25202,1800,['implementation']
25200,1000,['implementation']
25022,1400,['implementation']
25020,1500,"['dp', 'implementation', 'math']"
24966,2400,"['greedy', 'implementation', 'math']"
24964,1600,"['binary search', 'dp', 'greedy', 'implementation']"
24902,1500,"['binary search', 'greedy', 'implementation', 'math']"
24900,900,['implementation']
24844,2100,"['combinatorics', 'divide and conquer']"
24842,1400,"['combinatorics', 'dp', 'number theory']"
24788,2200,"['data structures', 'divide and conquer']"
24786,2000,"['bitmasks', 'dp']"
24784,1400,"['greedy', 'math']"
24782,1300,['implementation']
24780,1200,['implementation']
24728,1900,['implementation']
24726,2000,['dfs and similar']
24720,900,"['greedy', 'implementation']"
24664,1700,['implementation']
24662,1600,['implementation']
24482,1200,['implementation']
24480,900,['implementation']
24422,1600,"['dp', 'implementation']"
24308,2300,"['dfs and similar', 'graphs']"
24306,1700,"['greedy', 'implementation', 'math']"
24304,1600,"['implementation', 'math']"
24302,1100,[]
24248,2200,"['binary search', 'greedy', 'implementation']"
24246,1900,"['dp', 'implementation']"
24242,1500,"['implementation', 'math']"
24240,1000,['implementation']
24186,2300,"['combinatorics', 'dp']"
24128,2200,"['graphs', 'math']"
24126,1800,"['dp', 'greedy', 'math', 'number theory']"
24120,1100,"['greedy', 'math']"
24068,2500,['math']
24062,1200,"['greedy', 'implementation', 'math']"
24060,800,"['implementation', 'math']"
24008,2100,"['binary search', 'bitmasks', 'data structures']"
24004,1500,"['implementation', 'math']"
24000,1000,['implementation']
23342,1100,"['greedy', 'implementation']"
23340,1000,"['greedy', 'math']"
23228,2200,"['binary search', 'data structures']"
23224,1700,"['greedy', 'implementation']"
23220,900,['implementation']
23160,800,['implementation']
23040,800,['implementation']
22986,2300,['dp']
22984,2000,"['data structures', 'dfs and similar', 'trees']"
22980,1600,"['data structures', 'greedy']"
22928,2600,"['combinatorics', 'dp']"
22926,2200,"['dfs and similar', 'graphs', 'implementation', 'trees']"
22922,2000,"['binary search', 'math']"
22920,1100,"['greedy', 'implementation']"
22808,2600,['data structures']
22806,2500,"['combinatorics', 'math']"
22802,2400,"['graphs', 'implementation']"
22750,2400,"['data structures', 'divide and conquer', 'trees']"
22740,1000,['implementation']
22626,2400,['data structures']
22620,1600,['dfs and similar']
22562,1300,['implementation']
22560,900,"['implementation', 'math']"
22506,2400,"['data structures', 'dfs and similar', 'trees']"
22500,1600,"['math', 'number theory']"
22446,2000,"['binary search', 'data structures', 'dp', 'trees']"
22444,1900,"['dfs and similar', 'dp', 'graphs', 'implementation']"
22442,1500,"['combinatorics', 'greedy']"
22440,2000,"['greedy', 'implementation']"
22382,1600,"['binary search', 'implementation', 'math']"
22380,900,['implementation']
22324,2100,"['data structures', 'dp', 'math']"
22266,1800,"['data structures', 'dsu', 'implementation', 'trees']"
22262,1300,"['math', 'number theory']"
22260,1000,"['greedy', 'implementation', 'math']"
22208,2500,"['dp', 'greedy']"
22202,1300,['implementation']
22148,2200,"['binary search', 'data structures']"
22144,1600,"['dfs and similar', 'graphs', 'trees']"
22140,900,"['greedy', 'implementation']"
22082,1100,"['data structures', 'dp']"
22080,1000,['implementation']
22026,2400,"['bitmasks', 'dfs and similar']"
22022,1900,"['binary search', 'data structures']"
22020,1500,"['data structures', 'implementation']"
21964,1900,['dp']
21960,1100,['implementation']
21902,1100,['implementation']
21900,1100,['implementation']
21842,2200,"['dp', 'greedy']"
21840,1600,"['combinatorics', 'data structures', 'implementation']"
21786,1800,"['binary search', 'greedy']"
21784,1400,"['greedy', 'implementation']"
21780,800,['implementation']
21726,2100,"['data structures', 'dfs and similar', 'dsu', 'graphs', 'greedy']"
21724,1900,"['data structures', 'dp', 'implementation', 'math']"
21720,1500,"['greedy', 'math']"
21606,2600,['number theory']
21604,2500,"['combinatorics', 'dp']"
21602,2000,"['binary search', 'dp']"
21600,1700,"['greedy', 'implementation']"
21544,1900,"['math', 'number theory']"
21486,1800,"['dp', 'greedy']"
21362,1900,"['implementation', 'math']"
21360,1500,"['data structures', 'dsu']"
21302,1100,"['greedy', 'implementation']"
21184,1600,"['implementation', 'math', 'number theory']"
21180,1200,"['implementation', 'math']"
21068,2200,['greedy']
21060,1800,"['dp', 'greedy', 'implementation', 'math']"
21002,1500,['graphs']
20942,1700,"['data structures', 'dp', 'greedy', 'implementation']"
20940,1100,"['greedy', 'implementation']"
20882,2100,"['dfs and similar', 'number theory', 'trees']"
20764,2200,"['greedy', 'math']"
20640,800,['implementation']
20586,2100,"['data structures', 'dfs and similar', 'graphs', 'trees']"
20582,1600,"['data structures', 'greedy', 'implementation']"
20580,1600,"['math', 'number theory']"
20528,2400,"['data structures', 'divide and conquer', 'trees']"
20526,2100,"['bitmasks', 'dfs and similar', 'dp']"
20520,1200,"['greedy', 'implementation']"
20466,2500,['data structures']
20408,2000,"['combinatorics', 'math']"
20406,1500,"['binary search', 'data structures', 'dp']"
20404,1600,"['combinatorics', 'implementation', 'math']"
20400,1200,['math']
20346,1700,"['data structures', 'trees']"
20342,1000,['implementation']
20288,2600,['data structures']
20226,2000,"['dfs and similar', 'divide and conquer', 'dp', 'trees']"
20222,1400,"['greedy', 'math', 'number theory']"
20220,900,['greedy']
20166,2100,"['combinatorics', 'math', 'number theory']"
20162,1900,['math']
20160,1000,"['implementation', 'math']"
20040,1000,['implementation']
19982,1800,['greedy']
19980,1600,['greedy']
19928,2400,"['dp', 'greedy', 'implementation']"
19926,2400,"['graphs', 'math']"
19922,1500,"['data structures', 'dp', 'implementation']"
19920,1300,['implementation']
19867,2600,['graphs']
19866,2400,"['dfs and similar', 'implementation']"
19864,2500,['dp']
19865,2400,['dp']
19864,1100,['dp']
19863,1900,['data structures']
19862,1700,['implementation']
19682,1500,['greedy']
19680,1800,['implementation']
19624,1700,"['combinatorics', 'math']"
19622,1200,['math']
19502,1800,"['binary search', 'math']"
19500,1500,['implementation']
19384,2400,['data structures']
19322,1600,"['combinatorics', 'math']"
19320,1000,['greedy']
19268,2600,"['data structures', 'divide and conquer', 'dp']"
19260,1700,"['binary search', 'implementation', 'math']"
19202,1500,"['dfs and similar', 'graphs']"
19142,1900,"['data structures', 'implementation']"
19140,1600,"['combinatorics', 'math']"
19080,900,['math']
18971,2300,[]
18970,2200,"['dfs and similar', 'implementation']"
18968,2300,"['data structures', 'math']"
18969,2300,"['data structures', 'math']"
18966,2400,"['dp', 'math']"
18967,2300,['dp']
18963,1600,"['dfs and similar', 'dp']"
18961,1400,['math']
18960,1100,['greedy']
18902,1200,['implementation']
18844,2000,"['data structures', 'dp']"
18840,1600,['implementation']
18786,2100,['dp']
18782,1100,"['dp', 'implementation']"
18780,900,"['implementation', 'number theory']"
18666,2600,"['data structures', 'math']"
18662,2400,"['data structures', 'dp']"
18544,1900,"['binary search', 'bitmasks', 'greedy']"
18364,2100,"['combinatorics', 'number theory']"
18360,800,['implementation']
18306,2200,"['combinatorics', 'math']"
18304,1600,"['greedy', 'implementation']"
18186,2600,"['math', 'number theory']"
18182,1700,"['implementation', 'math']"
18120,800,['implementation']
18066,2200,['data structures']
18008,2300,"['binary search', 'math', 'number theory']"
18006,2300,"['dp', 'fft']"
17880,1300,"['greedy', 'implementation']"
17762,2000,"['combinatorics', 'dp']"
17760,1100,"['greedy', 'math']"
17708,2500,['data structures']
17706,2400,"['combinatorics', 'dp']"
17700,1400,"['data structures', 'implementation']"
17648,2300,"['dp', 'trees']"
17644,1900,"['combinatorics', 'number theory']"
17642,1700,"['dp', 'greedy']"
17640,800,"['implementation', 'math']"
17528,1900,['data structures']
17526,1900,"['data structures', 'dfs and similar', 'dp', 'dsu']"
17522,1200,"['graphs', 'implementation']"
17520,1100,['implementation']
17286,2400,"['combinatorics', 'dfs and similar', 'trees']"
17284,1700,"['implementation', 'math']"
17282,1500,['combinatorics']
17280,1300,['greedy']
17222,1700,"['binary search', 'math']"
17164,2100,"['greedy', 'implementation']"
17162,2200,['implementation']
17108,2600,"['combinatorics', 'dp', 'math']"
17102,1200,['implementation']
17100,1100,"['greedy', 'implementation']"
17040,1400,"['implementation', 'math', 'number theory']"
16986,2400,"['dp', 'math', 'number theory']"
16984,2100,['dp']
16982,1700,"['dfs and similar', 'dp', 'graphs']"
16928,2200,"['bitmasks', 'data structures', 'trees']"
16922,1500,"['greedy', 'math']"
16920,800,['implementation']
16746,2200,"['bitmasks', 'dp']"
16680,800,['implementation']
16620,1400,"['dfs and similar', 'dsu']"
16568,2100,"['data structures', 'graphs', 'trees']"
16566,1700,"['bitmasks', 'dp', 'greedy', 'implementation', 'math']"
16560,900,['implementation']
16500,900,['implementation']
16442,1800,"['dfs and similar', 'dp', 'greedy', 'trees']"
16386,2400,['dp']
16324,1500,"['data structures', 'implementation']"
16322,1400,"['implementation', 'math']"
16320,1000,"['implementation', 'math']"
16202,1400,"['data structures', 'greedy', 'implementation']"
16142,1700,['dp']
16140,1600,"['greedy', 'math']"
16086,2300,['dp']
16082,1000,"['implementation', 'math']"
16022,2000,"['dfs and similar', 'graphs']"
16020,900,"['math', 'number theory']"
15968,2500,"['data structures', 'math']"
15960,800,['implementation']
15902,1000,"['greedy', 'implementation']"
15900,800,['implementation']
15844,2000,['dp']
15842,1500,"['dp', 'number theory']"
15786,1800,"['dfs and similar', 'graphs']"
15780,800,['implementation']
15722,1200,['greedy']
15720,800,['implementation']
15666,2600,['dp']
15600,1400,"['implementation', 'math']"
15488,2400,"['data structures', 'dfs and similar', 'trees']"
15484,2000,"['binary search', 'combinatorics', 'dp', 'math']"
15480,1100,"['greedy', 'math']"
15428,2200,"['data structures', 'implementation']"
15426,1900,"['greedy', 'math']"
15368,2400,['data structures']
15306,1800,"['binary search', 'implementation', 'math']"
15302,1200,['implementation']
15300,800,['implementation']
15248,2100,"['dp', 'implementation']"
15180,1100,['greedy']
15064,2000,"['dp', 'greedy', 'number theory']"
15062,1800,"['implementation', 'math']"
15004,1600,['greedy']
15000,1000,['greedy']
14948,2600,['math']
14886,2300,"['binary search', 'greedy', 'implementation']"
14882,1400,"['math', 'number theory']"
14880,800,['implementation']
14762,1300,"['greedy', 'math']"
14708,1400,"['greedy', 'implementation']"
14704,1700,['greedy']
14700,800,['implementation']
14640,900,['implementation']
14584,2200,"['dfs and similar', 'implementation']"
14580,1600,['bitmasks']
14528,2000,"['bitmasks', 'data structures']"
14526,2100,"['dfs and similar', 'graphs', 'greedy']"
14460,1300,['greedy']
14410,2600,['data structures']
14340,1200,"['greedy', 'implementation', 'math']"
14284,2100,"['dfs and similar', 'dp', 'greedy', 'trees']"
14226,2000,"['dfs and similar', 'graphs', 'greedy', 'trees']"
14220,1000,['implementation']
14162,1300,"['implementation', 'number theory']"
14108,2600,"['combinatorics', 'dp', 'implementation', 'math', 'number theory']"
14100,1600,['number theory']
14050,1800,['dp']
14048,1600,['implementation']
14046,1600,['implementation']
14044,1300,"['dp', 'implementation']"
14040,1200,['implementation']
13980,800,"['implementation', 'math']"
13922,1900,"['bitmasks', 'combinatorics', 'dp', 'math']"
13868,2100,"['data structures', 'dfs and similar', 'dp', 'graphs', 'trees']"
13802,1300,"['binary search', 'implementation', 'math', 'number theory']"
13744,1900,"['combinatorics', 'graphs', 'math']"
13688,1900,"['2-sat', 'dfs and similar', 'dsu', 'graphs']"
13686,2100,['data structures']
13680,800,['implementation']
13622,1100,['implementation']
13562,1900,['greedy']
13560,1400,['math']
13508,2100,"['math', 'number theory']"
13506,2200,"['bitmasks', 'dfs and similar', 'graphs', 'implementation']"
13502,1600,"['binary search', 'greedy', 'number theory']"
13384,1900,"['combinatorics', 'math', 'number theory']"
13322,1300,"['data structures', 'implementation']"
13262,1300,['implementation']
13260,1000,"['implementation', 'math']"
13204,2100,['data structures']
13148,2200,['data structures']
13146,1700,"['dfs and similar', 'dp', 'graphs', 'trees']"
13142,1400,['implementation']
13082,1100,['implementation']
12968,2000,"['math', 'number theory']"
12964,1800,['greedy']
12962,1700,"['dfs and similar', 'implementation']"
12960,1200,"['implementation', 'math']"
12908,2100,"['combinatorics', 'dp', 'number theory']"
12906,1900,['greedy']
12902,1300,"['greedy', 'math']"
12784,2000,['dp']
12782,1900,"['combinatorics', 'dp']"
12780,1700,"['dfs and similar', 'greedy']"
12728,1500,"['dfs and similar', 'dp', 'trees']"
12726,2500,"['binary search', 'data structures', 'dsu']"
12724,2100,"['combinatorics', 'dp', 'math']"
12540,1600,"['dp', 'math']"
12488,2100,"['binary search', 'data structures', 'dfs and similar', 'trees']"
12486,1200,['implementation']
12482,1900,"['dfs and similar', 'dp']"
12426,1800,[]
12426,2300,[]
12426,1600,[]
12426,2100,[]
12426,1600,[]
12426,2100,[]
12426,2000,[]
12427,2000,[]
12426,1800,[]
12425,2200,[]
12424,2100,[]
12422,1700,[]
12423,1900,[]
12422,1600,[]
12420,2000,['greedy']
12421,1800,['greedy']
12420,1600,['greedy']
12246,2400,['dp']
12242,1500,"['binary search', 'data structures']"
12240,1500,"['binary search', 'combinatorics', 'dp']"
12068,2600,"['binary search', 'combinatorics']"
12064,2000,['dp']
12002,800,"['implementation', 'math']"
11880,1700,"['implementation', 'math']"
11822,1400,['math']
11762,2000,"['dfs and similar', 'graphs']"
11708,2000,"['data structures', 'dsu', 'graphs']"
11702,1300,"['data structures', 'implementation', 'math']"
11642,1200,['math']
11640,900,"['implementation', 'math']"
11468,2200,"['binary search', 'data structures', 'trees']"
11464,1900,"['data structures', 'dfs and similar', 'trees']"
11462,1700,['greedy']
11460,1500,['dp']
11404,1500,['dfs and similar']
11400,1100,"['greedy', 'math']"
11224,2000,"['dfs and similar', 'dsu']"
11220,1500,['greedy']
11106,2600,"['math', 'number theory']"
11104,2500,['dp']
11100,1300,['math']
10984,2200,['dfs and similar']
10928,1800,['dp']
10924,2000,"['data structures', 'greedy']"
10922,1000,['implementation']
10804,1400,['dp']
10802,2300,"['math', 'number theory']"
10800,1800,['implementation']
10690,2500,[]
10690,1800,[]
10688,2300,[]
10689,2000,[]
10688,1900,[]
10686,2100,[]
10687,1900,[]
10686,1500,[]
10684,2000,[]
10685,1900,[]
10684,1600,[]
10682,1800,[]
10683,1600,[]
10682,1600,[]
10680,1100,['greedy']
10681,1000,['greedy']
10680,1000,[]
10631,2300,[]
10630,1800,[]
10629,1900,['binary search']
10628,1700,['binary search']
10627,1500,['data structures']
10624,1500,"['dfs and similar', 'dsu', 'graphs']"
10623,1200,['number theory']
10622,1000,['number theory']
10621,800,['implementation']
10620,800,['implementation']
10566,2500,['dp']
10562,1700,['dp']
10502,1400,['implementation']
10444,1800,"['data structures', 'greedy']"
10442,1400,"['dp', 'greedy', 'implementation']"
10440,1100,['math']
10380,1300,"['implementation', 'math']"
10142,1100,['greedy']
10080,900,"['implementation', 'math']"
10020,1600,['implementation']
9906,2100,"['data structures', 'dsu', 'trees']"
9902,1500,"['binary search', 'implementation']"
9900,1000,['implementation']
9840,1700,"['dfs and similar', 'graphs']"
9782,2000,['binary search']
9780,1700,['dp']
9666,1800,"['dfs and similar', 'dp', 'trees']"
9664,2400,['divide and conquer']
9366,2500,"['combinatorics', 'graphs']"
9364,2000,"['combinatorics', 'dp']"
9242,1600,"['math', 'number theory']"
9240,1600,['greedy']
9128,2500,"['bitmasks', 'dp', 'graphs', 'trees']"
9124,1400,['combinatorics']
9122,1300,"['binary search', 'implementation']"
9120,900,['implementation']
9060,800,"['implementation', 'math']"
9002,1600,"['combinatorics', 'dfs and similar', 'graphs', 'math']"
8946,1900,['dp']
8942,1600,['implementation']
8888,1900,['dp']
8882,1500,"['implementation', 'math']"
8760,800,['implementation']
8708,2400,['data structures']
8704,2100,"['combinatorics', 'dp', 'math']"
8700,1200,"['greedy', 'implementation']"
8648,2200,"['data structures', 'greedy']"
8642,1300,['implementation']
8640,800,['implementation']
8408,2600,"['combinatorics', 'dp']"
8404,1800,"['binary search', 'data structures', 'greedy']"
8342,1600,"['implementation', 'math']"
8340,1000,['implementation']
8282,1900,['greedy']
8280,1600,['implementation']
8222,1000,['greedy']
8220,900,['implementation']
8162,1100,"['implementation', 'math']"
8160,800,['implementation']
7982,1200,['implementation']
7980,900,['implementation']
7924,1800,['dp']
7922,2100,['implementation']
7920,1300,['implementation']
7866,1600,"['dfs and similar', 'graphs']"
7864,1400,"['combinatorics', 'math']"
7862,1200,"['implementation', 'math']"
7740,900,['implementation']
7684,2000,"['combinatorics', 'dp']"
7680,1500,['dfs and similar']
7622,1000,['implementation']
7566,2300,"['dp', 'math']"
7508,2400,"['binary search', 'graphs']"
7502,1000,['implementation']
7500,1400,['math']
7440,1000,['math']
7384,2300,"['combinatorics', 'dp', 'greedy']"
7382,1800,['math']
7268,2400,['data structures']
7260,1100,['implementation']
7216,2200,['greedy']
7212,1800,['implementation']
7210,1400,"['dp', 'greedy', 'trees']"
7204,1100,"['implementation', 'math']"
7202,1100,['implementation']
7144,2000,['dp']
7140,800,['implementation']
7088,2000,"['dfs and similar', 'graphs']"
7086,1700,['dp']
7026,2500,"['divide and conquer', 'math']"
7024,2000,"['dfs and similar', 'graphs']"
7020,1300,"['implementation', 'math']"
6962,1100,"['greedy', 'implementation']"
6960,800,['implementation']
6908,2400,"['data structures', 'dp']"
6904,2200,['math']
6900,900,"['dfs and similar', 'graphs', 'trees']"
6840,1000,['math']
6722,1200,"['implementation', 'math']"
6666,2300,"['combinatorics', 'dp']"
6664,2100,"['bitmasks', 'dp', 'dsu']"
6662,1900,"['binary search', 'data structures', 'number theory']"
6660,1400,['greedy']
6600,800,['implementation']
6544,1900,"['dp', 'dsu', 'trees']"
6424,2400,"['bitmasks', 'dp']"
6420,1400,"['dfs and similar', 'graphs']"
6364,1700,['dp']
6360,1000,['implementation']
6300,1700,['implementation']
6240,800,['implementation']
6182,1500,"['dfs and similar', 'dsu', 'graphs']"
6180,1100,"['greedy', 'implementation', 'math']"
6122,1000,['implementation']
6068,2500,"['divide and conquer', 'dp']"
6064,2000,"['implementation', 'math']"
6062,1700,"['binary search', 'data structures', 'dp']"
6060,1200,['greedy']
5828,2200,"['dfs and similar', 'dsu', 'graphs', 'trees']"
5708,2500,"['dp', 'dsu', 'graphs']"
5706,2500,"['dp', 'math']"
5702,1800,"['dp', 'greedy']"
5642,1300,"['graphs', 'implementation', 'math']"
5588,2600,"['dp', 'math', 'number theory']"
5582,1900,['greedy']
5580,1700,['implementation']
5522,1300,['greedy']
5520,800,"['implementation', 'math']"
5464,2300,"['combinatorics', 'dsu', 'graphs']"
5462,1500,"['binary search', 'data structures']"
5400,1000,"['greedy', 'math']"
5340,1800,['greedy']
5282,1500,['implementation']
5220,1500,"['implementation', 'math']"
5160,1600,['math']
5102,1800,"['data structures', 'greedy']"
5044,1700,"['binary search', 'implementation']"
5040,900,"['math', 'number theory']"
4986,2400,"['dp', 'math', 'number theory']"
4980,1300,['math']
4926,2000,['dp']
4920,1100,"['implementation', 'math']"
4860,1400,['implementation']
4740,1200,['greedy']
4626,2300,"['dp', 'implementation']"
4624,2100,"['dfs and similar', 'dp', 'dsu', 'greedy', 'trees']"
4570,2300,"['binary search', 'data structures', 'dp']"
4568,1700,"['implementation', 'math']"
4566,1700,"['dp', 'greedy', 'math']"
4506,2000,"['data structures', 'dp', 'greedy', 'implementation', 'math', 'trees']"
4504,1600,"['binary search', 'number theory']"
4500,1000,['implementation']
4446,2400,['data structures']
4444,2100,"['dfs and similar', 'dsu', 'graphs', 'number theory']"
4440,1000,['implementation']
4388,2400,"['math', 'number theory']"
4386,2200,"['dfs and similar', 'graphs', 'greedy']"
4384,1800,['dp']
4380,1600,"['greedy', 'math']"
4268,2200,"['bitmasks', 'dp']"
4264,1600,"['dp', 'math', 'number theory']"
4262,1300,"['implementation', 'math']"
4200,1300,['math']
4148,1800,"['data structures', 'implementation']"
4144,2000,['implementation']
4142,1200,"['greedy', 'implementation']"
4140,1000,"['implementation', 'math']"
4082,1600,['binary search']
4080,1100,"['implementation', 'number theory']"
4026,1900,"['binary search', 'data structures', 'dp']"
4024,2600,['dp']
4022,1800,['greedy']
4020,1800,"['dp', 'graphs', 'greedy', 'implementation']"
3968,2000,"['data structures', 'dp']"
3964,1800,"['data structures', 'implementation']"
3900,1800,"['implementation', 'math']"
3782,1200,['implementation']
3726,2300,"['dfs and similar', 'graphs']"
3722,1800,"['binary search', 'implementation']"
3720,1300,"['greedy', 'math']"
3668,1900,"['data structures', 'trees']"
3664,2000,['math']
3660,800,['implementation']
3602,1400,"['dfs and similar', 'dsu']"
3542,1200,"['implementation', 'number theory']"
3488,2400,['dp']
3482,1300,['greedy']
3426,2500,"['dp', 'math']"
3424,1900,"['combinatorics', 'math']"
3422,1600,['implementation']
3420,1300,"['dfs and similar', 'greedy', 'implementation']"
3366,2100,['dp']
3362,1300,['implementation']
3360,1000,['implementation']
3306,2500,"['dp', 'number theory']"
3300,1200,"['implementation', 'math']"
3240,1300,['implementation']
3188,2500,"['bitmasks', 'dp']"
3182,1700,"['binary search', 'implementation']"
3180,1100,['implementation']
3124,2200,['data structures']
3122,1600,['combinatorics']
3120,900,['implementation']
3066,2200,['implementation']
3064,1800,"['binary search', 'greedy']"
3060,1300,['implementation']
3008,2300,['math']
3000,800,"['greedy', 'math']"
2948,2300,['dp']
2942,1500,['math']
2940,800,['implementation']
2886,1500,['greedy']
2884,1800,['math']
2824,2000,['implementation']
2822,1200,['implementation']
2770,2300,"['dsu', 'graphs']"
2768,1900,"['data structures', 'dp']"
2766,1800,"['data structures', 'implementation']"
2762,1100,['implementation']
2716,1400,['greedy']
2714,2100,['graphs']
2712,2200,['number theory']
2710,2500,['greedy']
2704,1900,['data structures']
2702,2200,"['dp', 'dsu']"
2700,900,['implementation']
2654,1700,['dp']
2652,2500,"['data structures', 'implementation']"
2648,1400,['dp']
2646,1800,['math']
2644,1300,['implementation']
2642,1500,['implementation']
2640,900,['implementation']
2584,1300,['greedy']
2522,1700,['implementation']
2520,1400,"['greedy', 'implementation']"
2466,1900,['dp']
2408,2500,['combinatorics']
2406,2600,['math']
2404,2300,"['implementation', 'math']"
2402,1600,['math']
2360,2600,[]
2356,2500,[]
2354,1300,['implementation']
2352,2400,['implementation']
2350,1300,['implementation']
2346,1100,['math']
2342,1300,['greedy']
2294,2400,['dp']
2292,2300,['data structures']
2286,1900,['implementation']
2280,800,['implementation']
2226,2300,"['combinatorics', 'dp', 'math']"
2224,1900,"['data structures', 'greedy', 'trees']"
2222,1800,"['greedy', 'implementation']"
2162,1600,['implementation']
2160,1300,['implementation']
2106,1700,"['dp', 'greedy']"
2102,1700,['implementation']
2100,1000,['implementation']
2046,1600,"['dfs and similar', 'graphs']"
2040,800,['implementation']
1988,2600,[]
1984,1800,['greedy']
1980,1200,"['greedy', 'implementation']"
1926,1600,['implementation']
1924,1700,['math']
1868,2400,['dp']
1866,2000,"['dfs and similar', 'implementation']"
1864,1700,['implementation']
1860,1200,['implementation']
1802,1700,['implementation']
1744,1700,"['data structures', 'dfs and similar', 'graphs', 'implementation']"
1742,1500,['implementation']
1682,1600,"['dfs and similar', 'dsu', 'graphs']"
1680,1600,['implementation']
1626,2200,"['2-sat', 'dfs and similar', 'dsu', 'graphs']"
1562,1400,['greedy']
1560,900,['number theory']
1506,1900,"['dsu', 'graphs', 'trees']"
1502,1100,['implementation']
1448,2300,['binary search']
1442,1500,['implementation']
1440,1400,['graphs']
1388,2500,['dp']
1328,2300,"['dfs and similar', 'graphs', 'trees']"
1324,1700,['graphs']
1262,2000,"['implementation', 'math']"
1202,2000,['math']
1200,1700,['implementation']
1142,1900,['dp']
1140,1400,['implementation']
1088,2000,['dp']
1084,1200,"['data structures', 'implementation']"
1026,2400,['number theory']
1024,2500,['dp']
964,1800,"['binary search', 'number theory']"
960,800,['implementation']
908,2600,"['combinatorics', 'dp']"
902,1800,['math']
848,1900,['dp']
842,1000,['implementation']
840,800,['implementation']
780,1000,"['implementation', 'math']"
720,800,['implementation']
666,2200,"['bitmasks', 'dp', 'graphs']"
664,2200,['implementation']
662,1600,['math']
604,2000,['number theory']
602,1500,"['dp', 'implementation']"
600,900,['implementation']
548,2300,"['dfs and similar', 'dsu', 'graphs']"
546,1900,"['combinatorics', 'divide and conquer', 'dp']"
488,2600,"['dp', 'graphs']"
484,2000,"['bitmasks', 'dp']"
424,1800,"['math', 'number theory']"
422,1600,['implementation']
362,1100,['implementation']
308,2400,['data structures']
306,2100,"['implementation', 'math']"
300,1000,['implementation']
186,2600,['greedy']
122,2000,"['dp', 'math']"
62,1600,"['implementation', 'math']"
60,1000,['math']
